sid,dat,open_value,low,high,close_value,volume
146,2019-03-27,167.85,164.79,168.94,165.87,10620300
146,2019-03-28,164.57,163.33,166.72,165.55,10689200
146,2019-03-29,166.39,164.81,167.19,166.69,13455500
146,2019-04-01,167.83,167.28,168.9,168.7,10381500
146,2019-04-02,170.14,169.55,174.9,174.2,23946500
146,2019-04-03,174.5,172.95,177.96,173.54,27590100
146,2019-04-04,176.02,175.53,178,176.02,17847700
146,2019-04-05,176.88,175.1,177,175.72,9594100
146,2019-04-08,175.21,174.23,175.5,174.93,7297400
146,2019-04-09,175.62,175.55,179.19,177.58,19751000
146,2019-04-10,178.18,176.54,178.79,177.82,11701500
146,2019-04-11,178.24,177,178.4,177.51,8071000
146,2019-04-12,178,177.95,179.63,179.1,12329800
146,2019-04-15,178.5,176.87,180.5,179.65,10834800
146,2019-04-16,179,178.3,180.17,178.87,11215200
146,2019-04-17,179.6,178.36,180.74,178.78,9973700
146,2019-04-18,178.8,177.34,178.88,178.28,11655600
146,2019-04-22,178.25,178.25,181.67,181.44,13389900
146,2019-04-23,182.74,181.48,184.22,183.78,19954800
146,2019-04-24,184.49,181.65,185.14,182.58,37289900
146,2019-04-25,196.98,192.12,198.48,193.26,54148800
146,2019-04-26,192.5,189.09,192.9,191.49,22075000
146,2019-04-29,190.95,190.65,195.41,194.78,19641300
146,2019-04-30,194.19,192.28,197.39,193.4,23494700
146,2019-05-01,194.78,193.01,196.18,193.03,15996600
146,2019-05-02,193,189.75,194,192.53,13209500
146,2019-05-03,194.38,193.71,196.16,195.47,14575400
146,2019-05-06,191.24,190.55,194.28,193.88,13994900
146,2019-05-07,192.54,187.85,192.9,189.77,16253000
146,2019-05-08,189.39,188.55,190.72,189.54,12505700
146,2019-05-09,187.2,186.26,189.77,188.65,12967000
146,2019-05-10,188.25,184.59,190,188.34,12578500
146,2019-05-13,183.5,180.84,185.43,181.54,16833300
146,2019-05-14,182.52,178.1,183.49,180.73,17628100
146,2019-05-15,180.42,180.02,187.28,186.27,16746900
146,2019-05-16,185.05,185.05,188.58,186.99,12953100
146,2019-05-17,184.84,184.28,187.58,185.3,10485400
146,2019-05-20,181.88,181.37,184.23,182.72,10352000
146,2019-05-21,184.57,183.89,185.7,184.82,7502800
146,2019-05-22,184.73,183.61,186.74,185.32,9213800
146,2019-05-23,182.42,179.67,183.9,180.87,12768800
146,2019-05-24,182.33,180.83,183.63,181.06,8807700
146,2019-05-28,181.54,181.45,184.71,184.31,14843300
146,2019-05-29,183.5,181.35,184.56,182.19,12797700
146,2019-05-30,183.08,180.89,183.48,183.01,8581500
146,2019-05-31,180.28,177.16,180.54,177.47,15226500
146,2019-06-03,175,161.01,175.05,164.15,56059600
146,2019-06-04,163.71,160.84,168.28,167.5,46044300
146,2019-06-05,167.48,164.63,168.72,168.17,19758300
146,2019-06-06,168.3,167.23,169.7,168.33,12446400
146,2019-06-07,170.17,168.84,173.87,173.35,16917300
146,2019-06-10,174.75,173.8,177.86,174.82,14767900
146,2019-06-11,178.48,176.79,179.98,178.1,15266600
146,2019-06-12,178.38,172.88,179.27,175.04,17681500
146,2019-06-13,175.53,174.61,178.03,177.47,12253600
146,2019-06-14,180.51,180,181.84,181.33,16773700
146,2019-06-17,185.01,184.41,189.5,189.01,29459900
146,2019-06-18,194,187.28,194.53,188.47,37571400
146,2019-06-19,187,184.55,188.1,187.48,21417100
146,2019-06-20,190.95,187.64,191.16,189.53,14635700
146,2019-06-21,188.75,188.75,192,191.14,22751200
146,2019-06-24,192.42,191.57,193.98,192.6,15509000
146,2019-06-25,192.88,188.13,193.14,188.84,16750300
146,2019-06-26,189.54,187.31,190.76,187.66,12808600
146,2019-06-27,189.88,188.27,198.88,189.5,11159000
146,2019-06-28,190.55,189.94,193.2,193,16378900
146,2019-07-01,195.21,191.93,195.28,193,14204700
146,2019-07-02,193,192.71,195,195,9050000
146,2019-07-03,194.16,194.16,197.4,197.2,10246100
146,2019-07-05,196.18,194.17,197.07,196.4,11164100
146,2019-07-08,195.19,193.64,196.68,195.76,9723900
146,2019-07-09,194.97,194.89,199.46,199.21,14698600
146,2019-07-10,200,199.67,202.96,202.73,20571700
146,2019-07-11,203.26,200.21,203.8,201.23,13678500
146,2019-07-12,199.68,199.16,205.3,204.87,15366300
146,2019-07-15,204.25,201.82,205.33,203.91,16030300
146,2019-07-16,203.89,203.1,205.47,203.84,12132700
146,2019-07-17,204.18,201.59,204.36,201.8,12083700
146,2019-07-18,200.15,199.38,202.47,200.78,11956600
146,2019-07-19,202.18,198.07,202.33,198.36,12098300
146,2019-07-22,199.91,198.81,202.57,202.32,13589000
146,2019-07-23,202.84,200.96,204.24,202.36,14583700
146,2019-07-24,197.63,197.22,204.81,204.66,32532500
146,2019-07-25,206.7,198.26,208.66,200.71,39889900
146,2019-07-26,200.19,196.25,202.88,199.75,24434000
146,2019-07-29,199,195.3,199.63,195.94,16530800
146,2019-07-30,195.39,193.5,198.71,197.04,11903600
146,2019-07-31,196.95,192.68,198.76,194.23,14593500
146,2019-08-01,194.17,190.88,198.47,192.73,17777000
146,2019-08-02,191.1,188.07,192.62,189.02,15297000
146,2019-08-05,184.69,179.34,185.67,181.73,23086700
146,2019-08-06,183.69,183.09,185.79,184.51,18035700
146,2019-08-07,183.6,181.22,186.37,185.15,15833200
146,2019-08-08,186.62,184.05,190.34,190.16,14828900
146,2019-08-09,190,187.12,190.98,187.85,11058800
146,2019-08-12,186.85,184.46,187.59,185.37,10936300
146,2019-08-13,185.52,185.37,191.38,188.45,13577000
146,2019-08-14,185.8,179.31,185.99,179.71,18903700
146,2019-08-15,180.95,180.03,183.2,182.59,12925900
146,2019-08-16,183.75,182.36,185.1,183.7,12654600
146,2019-08-19,186.01,184.85,187.5,186.17,9691200
146,2019-08-20,185.45,182.39,186,183.81,10083400
146,2019-08-21,185,183.14,185.9,183.55,8398200
146,2019-08-22,183.43,179.91,184.11,182.04,10821400
146,2019-08-23,180.84,176.66,183.13,177.75,17323400
146,2019-08-26,179.4,178.24,180.5,180.36,8773600
146,2019-08-27,181.93,181.01,184.04,181.3,14399600
146,2019-08-28,180.53,178.92,181.95,181.76,9386100
146,2019-08-29,183.77,183.47,186.08,185.57,10128700
146,2019-08-30,186.78,183.46,186.8,185.67,10774500
146,2019-09-03,184,182.11,185.67,182.39,9779400
146,2019-09-04,184.65,183.89,187.75,187.14,11308000
146,2019-09-05,188.53,187.94,191.36,190.9,13876700
146,2019-09-06,190.21,186.35,190.21,187.49,15226800
146,2019-09-09,187.73,185.85,188.98,188.76,14722400
146,2019-09-10,187.44,184.55,188.1,186.17,15455900
146,2019-09-11,186.46,186.08,189.44,188.49,11761700
146,2019-09-12,189.86,187.23,190.93,187.47,11419800
146,2019-09-13,187.33,186.54,187.97,187.19,11441100
146,2019-09-16,186.93,185.77,187.79,186.22,8444800
146,2019-09-17,186.66,185.54,188.32,188.08,9671100
146,2019-09-18,188.09,186.01,189.08,188.14,9681900
146,2019-09-19,188.66,188.15,191.1,190.14,10392700
146,2019-09-20,190.66,188.12,193.1,189.93,19934200
146,2019-09-23,189.34,185.21,190.1,186.82,13327600
146,2019-09-24,187.98,180.39,188.04,181.28,18546600
146,2019-09-25,181.45,177.87,183.42,182.8,18068300
146,2019-09-26,181.33,177.67,181.4,180.11,16083300
146,2019-09-27,180.49,175.66,180.76,177.1,14656200
146,2019-09-30,177.87,176.85,178.67,178.08,10740000
146,2019-10-01,179.15,174.88,179.84,175.81,17073000
146,2019-10-02,174.84,173.09,176.53,174.6,16151700
146,2019-10-03,175.57,173.63,179.84,179.38,16086300
146,2019-10-04,179.55,178.1,180.98,180.45,10430200
146,2019-10-07,180,178.09,181.18,179.68,9178300
146,2019-10-08,178.26,177.72,180.37,177.75,9466900
146,2019-10-09,179.16,177.94,180.72,179.85,7556900
146,2019-10-10,180.32,179.17,181.61,180.03,8605000
146,2019-10-11,182.15,182.14,186.49,184.19,14930500
146,2019-10-14,184.2,182.57,184.62,183.28,7006000
146,2019-10-15,183.8,183.66,190.38,188.89,15039100
146,2019-10-16,188.32,186.9,189.7,189.55,10516900
146,2019-10-17,190.3,188.77,190.84,190.39,9603000
146,2019-10-18,190.23,183.92,191.49,185.85,16874200
146,2019-10-21,187.04,186.75,189.91,189.76,8122600
146,2019-10-22,190,181.5,190.65,182.34,19537600
146,2019-10-23,182.01,182,186.38,186.15,12300400
146,2019-10-24,184.62,182.8,186.73,186.38,11413500
146,2019-10-25,185.83,185.09,189,187.89,8061200
146,2019-10-28,187.2,185.08,189.53,189.4,13657900
146,2019-10-29,191.69,188.47,192.53,189.31,13574900
146,2019-10-30,189.56,185.98,190.45,188.25,28734600
146,2019-10-31,196.7,188.25,198.09,191.65,42286500
146,2019-11-01,192.85,189.91,194.11,193.62,21711800
146,2019-11-04,194.55,193.81,197.37,194.72,16371300
146,2019-11-05,195.37,193.6,195.75,194.32,9942000
146,2019-11-06,194.03,191.35,194.37,191.55,10973000
146,2019-11-07,191.91,189.47,193.44,190.42,13473000
146,2019-11-08,190,189.7,192.34,190.84,10760800
146,2019-11-11,189.93,188.54,190.08,189.61,8631200
146,2019-11-12,190,189.74,195.06,194.47,17615500
146,2019-11-13,194.7,192.74,195.7,193.19,10860700
146,2019-11-14,192.93,191.45,194.03,193.15,9040500
146,2019-11-15,194.26,193.38,195.3,195.1,11524300
146,2019-11-18,194.56,193.05,198.63,197.4,16167200
146,2019-11-19,197.4,196.86,200,199.32,19056800
146,2019-11-20,198.58,195.43,199.59,197.51,12355400
146,2019-11-21,197.42,196.86,199.09,197.93,12131000
146,2019-11-22,198.38,197.62,199.3,198.82,9959800
146,2019-11-25,199.52,199.25,200.97,199.79,15272300
146,2019-11-26,200,198.04,200.15,198.97,11735500
146,2019-11-27,199.9,199.42,203.14,202,12736600
146,2019-11-29,201.6,201.21,203.8,201.64,7985200
146,2019-12-02,202.13,198.05,202.18,199.7,11503400
146,2019-12-03,197.6,195.08,198.93,198.82,11595300
146,2019-12-04,200,198.05,200.03,198.71,8456300
146,2019-12-05,199.86,198.21,201.29,199.36,9740400
146,2019-12-06,200.5,200.06,201.57,201.05,12270600
146,2019-12-09,200.65,200.21,203.14,201.34,11954800
146,2019-12-10,201.66,200.15,202.05,200.87,9475700
146,2019-12-11,200.28,200.28,202.63,202.26,8036800
146,2019-12-12,202.35,194.1,203.66,196.75,23734800
146,2019-12-13,196.4,193.17,196.8,194.11,18798000
146,2019-12-16,195.27,194.81,199.12,197.92,14911500
146,2019-12-17,198.84,196.13,199,198.39,10175700
146,2019-12-18,200.09,200.09,204.3,202.5,23274400
146,2019-12-19,202.78,202.51,206.3,206.06,16514600
146,2019-12-20,207.48,203.43,207.71,206.3,27306900
146,2019-12-23,206.7,205.68,208.59,206.18,13348900
146,2019-12-24,206.3,205,206.79,205.12,6046300
146,2019-12-26,205.57,205.31,207.82,207.79,9350700
146,2019-12-27,208.67,206.59,208.93,208.1,10284200
146,2019-12-30,207.86,203.9,207.9,204.41,10524300
146,2019-12-31,204,203.6,205.56,205.25,8953500
146,2020-01-02,206.75,206.27,209.79,209.78,12077100
146,2020-01-03,207.21,206.95,210.4,208.67,11188400
146,2020-01-06,206.7,206.52,212.78,212.6,17058900
146,2020-01-07,212.82,211.75,214.58,213.06,14912400
146,2020-01-08,213,212.61,216.24,215.22,13475000
146,2020-01-09,217.54,216.28,218.38,218.3,12642800
146,2020-01-10,219.2,217.42,219.88,218.06,12119400
146,2020-01-13,219.6,219.21,221.97,221.91,14463400
146,2020-01-14,221.61,218.63,222.38,219.06,13288900
146,2020-01-15,220.61,220.14,221.68,221.15,10036500
146,2020-01-16,222.57,220.39,222.63,221.77,10015300
146,2020-01-17,222.03,220.53,222.29,222.14,15905900
146,2020-01-21,222.16,219.12,222.37,221.44,14275800
146,2020-01-22,222.31,221.28,222.75,221.32,12212800
146,2020-01-23,220.75,219.27,221.49,219.76,11195000
146,2020-01-24,220.8,216.11,221.78,217.94,11905800
146,2020-01-27,213.1,212.5,216.06,214.87,13810700
146,2020-01-28,216.14,213.52,218.74,217.79,13413800
146,2020-01-29,221.44,218.45,224.2,223.23,33181300
146,2020-01-30,206.53,204.75,211.43,209.53,48775500
146,2020-01-31,208.43,201.06,208.69,201.91,31359900
146,2020-02-03,203.44,202.5,205.14,204.19,15510500
146,2020-02-04,206.62,205.2,210.6,209.83,19628900
146,2020-02-05,212.51,208.71,212.73,210.11,12538200
146,2020-02-06,210.47,209.34,211.19,210.85,10567500
146,2020-02-07,210.3,209.93,212.82,212.33,12242500
146,2020-02-10,211.52,210.66,213.8,213.06,11856400
146,2020-02-11,210.19,206.51,210.86,207.19,25030800
146,2020-02-12,207.85,207.4,211.22,210.76,13813700
146,2020-02-13,209.52,209.18,214.33,213.14,15396600
146,2020-02-14,214,212.65,214.93,214.18,10741700
146,2020-02-18,213.55,213.4,217.98,217.8,15609200
146,2020-02-19,217.99,216.11,218.32,217.49,12135100
146,2020-02-20,216.52,212.95,218.77,214.58,13109200
146,2020-02-21,213.48,208.83,214.24,210.18,14092300
146,2020-02-24,201.8,198.17,203.65,200.72,23080100
146,2020-02-25,202.25,195.95,203.5,196.77,21433500
146,2020-02-26,197.19,195.49,201.21,197.2,16524500
146,2020-02-27,191.82,189.5,195.88,189.75,21682600
146,2020-02-28,182.7,181.82,192.74,192.47,32583500
146,2020-03-02,194.03,188.85,196.57,196.44,24949000
146,2020-03-03,196.22,183.97,197.24,185.89,27984100
146,2020-03-04,189.17,186.39,191.83,191.76,23062500
146,2020-03-05,186.78,183.89,188.99,185.17,19333400
146,2020-03-06,178.33,176.26,183.78,181.09,24559600
146,2020-03-09,169.6,165.19,175,169.5,29949000
146,2020-03-10,174.67,169.5,178.29,178.19,24517800
146,2020-03-11,174.01,167.66,175.88,170.24,20373900
146,2020-03-12,159.54,154.34,166.6,154.47,43266300
146,2020-03-13,163.53,157.6,170.79,170.28,35028600
146,2020-03-16,152.32,143.1,159.13,146.01,39120400
146,2020-03-17,150.74,140,153.94,149.42,34255600
146,2020-03-18,139.75,137.1,148.18,146.96,37553100
146,2020-03-19,146.62,144.8,159.93,153.13,39862300
146,2020-03-20,156.02,148,159.27,149.73,32568400
146,2020-03-23,149.66,142.25,152.31,148.1,29830800
146,2020-03-24,155.21,152.57,161.31,160.98,30440400
146,2020-03-25,158.92,153.06,162.99,156.21,35184300
146,2020-03-26,158.25,157.02,164,163.34,26556800
146,2020-03-27,158.2,154.75,158.56,155.825,13098769
146,2020-03-30,159.18,158.06,166.75,165.95,22515200
146,2020-03-31,165.48,164.2,170.93,166.8,23676300
146,2020-04-01,161.62,158.04,164.15,159.6,19507600
146,2020-04-02,159.1,155.92,161.35,158.19,20886300
146,2020-04-03,157.15,150.83,157.91,154.18,25983300
146,2020-04-06,160.15,158.51,166.2,165.55,28453600
146,2020-04-07,171.79,166.01,173.39,168.83,31411900
146,2020-04-08,171.25,167.74,175,174.28,21664200
146,2020-04-09,175.9,171.57,177.08,175.19,23534300
146,2020-04-13,173.67,169.45,175,174.79,19355400
146,2020-04-14,178.98,176.62,181.23,178.17,21011800
146,2020-04-15,175.19,172.82,178.19,176.97,17423000
146,2020-04-16,177.95,172.51,178.05,176.25,23593200
146,2020-04-17,179.2,176.66,180.28,179.24,20974800
146,2020-04-20,177.41,176.77,180.5,178.24,16110700
146,2020-04-21,175.25,168.34,175.38,170.8,24850500
146,2020-04-22,178.45,178.14,184.78,182.28,33369900
146,2020-04-23,184.08,183.15,187.05,185.13,21426600
146,2020-04-24,183.23,180.83,190.41,190.07,28868500
146,2020-04-27,192.66,187.41,193.75,187.5,29197800
146,2020-04-28,188.66,182.57,189.2,182.91,19309256
146,2020-04-29,190.93,190,196.91,194.19,45954500
146,2020-04-30,206.92,201.57,209.69,204.71,44398582
146,2020-05-01,201.6,199.05,207.28,202.27,30415600
146,2020-05-04,200.2,198.756,205.91,205.26,18662036
146,2020-05-05,207.02,206.5,210.38,207.07,20580658
146,2020-05-06,208.12,206.7,211.6,208.47,19984378
146,2021-05-05,34.9023,34.8438,36.3125,35.25,69305200
178,2019-03-27,1191.92,1164.23,1191.92,1178.01,1471400
178,2019-03-28,1175.5,1163.43,1177.25,1172.27,1120100
178,2019-03-29,1180.18,1166.38,1183.97,1176.89,1544500
178,2019-04-01,1187.54,1186.36,1200.2,1198.98,1385300
178,2019-04-02,1200.05,1191.24,1205.81,1205.54,914400
178,2019-04-03,1212.7,1205.08,1220.6,1210.81,1109600
178,2019-04-04,1211.29,1209.04,1220.55,1219.45,1051100
178,2019-04-05,1219.3,1210.03,1220.39,1211.45,1000600
178,2019-04-08,1211.11,1204.7,1213.95,1208.28,1087500
178,2019-04-09,1201.89,1198.38,1207.15,1202.69,983400
178,2019-04-10,1205.09,1200.66,1208.94,1206.45,775500
178,2019-04-11,1208.9,1204.54,1212.74,1209.59,849900
178,2019-04-12,1215.62,1213.29,1223.05,1222.73,1215600
178,2019-04-15,1224.09,1214.56,1229.3,1226.53,1189800
178,2019-04-16,1230,1225.04,1235.98,1231.91,1131100
178,2019-04-17,1237,1232.9,1245.1,1240.14,1518300
178,2019-04-18,1245,1239.41,1245.94,1241.47,1237500
178,2019-04-22,1236.67,1233.37,1254.34,1253.76,954200
178,2019-04-23,1256.64,1251.97,1274.43,1270.59,1593400
178,2019-04-24,1270.59,1259.81,1274,1260.05,1169800
178,2019-04-25,1270.3,1258,1272.8,1267.34,1567200
178,2019-04-26,1273.38,1265,1278.91,1277.42,1361400
178,2019-04-29,1280.51,1271.71,1296.97,1296.2,3618400
178,2019-04-30,1190.63,1183,1200.98,1198.96,6658900
178,2019-05-01,1197.5,1171.68,1199.25,1173.32,3717000
178,2019-05-02,1172.6,1158.33,1179.38,1166.51,2254900
178,2019-05-03,1177.41,1173.55,1191.4,1189.55,2079400
178,2019-05-06,1172,1171.16,1195.43,1193.46,1588700
178,2019-05-07,1185.81,1165,1194.77,1178.86,1830200
178,2019-05-08,1177.29,1167.63,1184.27,1170.78,1276000
178,2019-05-09,1162.6,1154.64,1174.07,1167.97,1477800
178,2019-05-10,1168.84,1146.37,1176.28,1167.64,1582500
178,2019-05-13,1145.24,1125.5,1151.97,1136.59,2281300
178,2019-05-14,1142.32,1123.53,1144.87,1124.86,2019600
178,2019-05-15,1122.55,1121.4,1178.3,1170.8,2965100
178,2019-05-16,1171.84,1168.45,1194.16,1184.5,1765400
178,2019-05-17,1175.83,1166.42,1186.29,1168.78,1268100
178,2019-05-20,1153,1138.14,1153,1144.66,1530100
178,2019-05-21,1154.48,1143.31,1158,1154.44,1028100
178,2019-05-22,1151.25,1151,1163.78,1155.85,941300
178,2019-05-23,1146.07,1133.16,1150.05,1145.34,1260700
178,2019-05-24,1152,1136.71,1154.36,1138.61,927700
178,2019-05-28,1141.48,1138.67,1156.49,1139.56,1047400
178,2019-05-29,1132.7,1111.95,1135,1119.94,1811500
178,2019-05-30,1120.15,1115.9,1126.8,1121.41,904400
178,2019-05-31,1105.64,1103.35,1113.4,1106.5,1579100
178,2019-06-03,1066.93,1027.03,1067,1038.74,4844500
178,2019-06-04,1044.49,1036.03,1058.44,1054.49,3025600
178,2019-06-05,1055,1033,1056.81,1044.64,2349400
178,2019-06-06,1046.21,1035.51,1050,1047.76,1451000
178,2019-06-07,1054.28,1051.15,1073.43,1068.37,2191400
178,2019-06-10,1077,1075.28,1094.84,1082.76,1425500
178,2019-06-11,1096.99,1079.57,1104.01,1081.04,1675400
178,2019-06-12,1079.95,1069.6,1082.52,1079.1,1183500
178,2019-06-13,1084.71,1082.57,1096.59,1091.01,1040700
178,2019-06-14,1089.74,1081.48,1094.76,1086.3,1229100
178,2019-06-17,1089.1,1088,1101.28,1093.89,988500
178,2019-06-18,1111.5,1100.79,1118.78,1105.24,1726300
178,2019-06-19,1107.24,1096.03,1109.43,1104.51,1335700
178,2019-06-20,1121.7,1107,1122.72,1113.2,1200900
178,2019-06-21,1109.86,1109.72,1126.57,1125.37,2538700
178,2019-06-24,1120,1113.31,1123.57,1116.7,1211800
178,2019-06-25,1115.08,1084.6,1115.7,1087.58,1582200
178,2019-06-26,1091,1073.69,1095.12,1080.32,1734900
178,2019-06-27,1086.75,1075.85,1088.46,1076.63,1203900
178,2019-06-28,1077.23,1073.8,1082.8,1082.8,1683600
178,2019-07-01,1101.04,1095.33,1108.59,1100,1459800
178,2019-07-02,1104.83,1099.67,1112.89,1112.6,1031500
178,2019-07-03,1118.5,1114.85,1127.99,1122.99,1007700
178,2019-07-05,1119.37,1117.5,1134.65,1132.67,1489700
178,2019-07-08,1125.87,1111.76,1127.21,1116.79,1494400
178,2019-07-09,1110.32,1107.15,1127.86,1124.29,1473600
178,2019-07-10,1132.32,1130.66,1142.34,1140.91,1535500
178,2019-07-11,1146.16,1139.53,1153.24,1144.08,1300200
178,2019-07-12,1142.93,1138.56,1147.5,1145.34,1093900
178,2019-07-15,1145.34,1140,1150.68,1150.51,1058200
178,2019-07-16,1146.73,1146.73,1158.58,1153.46,1267600
178,2019-07-17,1150.92,1146.62,1158.44,1146.74,976900
178,2019-07-18,1142,1132.86,1148.17,1147.24,1273800
178,2019-07-19,1149.32,1131.25,1151.58,1131.55,1159200
178,2019-07-22,1135.47,1125.21,1140.02,1139.21,1445700
178,2019-07-23,1143.45,1132.85,1148.86,1148.05,1032400
178,2019-07-24,1132.62,1128.51,1145.46,1139.73,1359600
178,2019-07-25,1138.95,1123.71,1143.59,1135.94,2738100
178,2019-07-26,1228,1228,1268.39,1245.22,6060800
178,2019-07-29,1242.5,1230.2,1248.99,1241.84,2069100
178,2019-07-30,1227,1225.32,1236.91,1228,1430800
178,2019-07-31,1224.87,1208.18,1234.91,1218.2,1998000
178,2019-08-01,1217.63,1207,1236.3,1211.78,1771300
178,2019-08-02,1203,1190,1209.5,1196.32,1745500
178,2019-08-05,1172.97,1142.75,1176.88,1154.75,2392000
178,2019-08-06,1165.52,1161.53,1181.4,1171.08,1800700
178,2019-08-07,1157.8,1150.84,1179.87,1175.91,1534300
178,2019-08-08,1186.43,1174,1206.28,1206.19,1505800
178,2019-08-09,1199.99,1184.89,1204.46,1188.9,1020900
178,2019-08-12,1180,1168.72,1185.61,1174.5,1103200
178,2019-08-13,1174.35,1172.99,1205.43,1196.73,1421700
178,2019-08-14,1176.07,1161.07,1182.79,1164.25,1771500
178,2019-08-15,1168.43,1163,1176.42,1169.32,1425300
178,2019-08-16,1180.79,1173,1183.84,1179.21,1245800
178,2019-08-19,1191.83,1190.4,1209.39,1200.44,1222500
178,2019-08-20,1195.35,1183.05,1198,1183.53,1010300
178,2019-08-21,1195.82,1187.92,1200.56,1191.58,707600
178,2019-08-22,1193.8,1178.91,1198.78,1191.52,867600
178,2019-08-23,1185.17,1150,1195.67,1153.58,1812700
178,2019-08-26,1159.45,1154.85,1171.86,1171.18,1058300
178,2019-08-27,1183,1164.56,1185,1170.82,1173000
178,2019-08-28,1164.87,1160.25,1178.5,1173.75,840500
178,2019-08-29,1186.42,1185.28,1199.19,1194.24,981800
178,2019-08-30,1200.35,1185.72,1200.35,1190.53,903200
178,2019-09-03,1181.85,1163.71,1189.08,1169.55,1295400
178,2019-09-04,1179.45,1171.53,1184.88,1182.27,1065600
178,2019-09-05,1193.66,1192.69,1214,1212.19,1319700
178,2019-09-06,1209.14,1203.26,1212.95,1206.32,948600
178,2019-09-09,1207.08,1193.17,1220.55,1205.27,1592700
178,2019-09-10,1196.09,1196.01,1210,1205.7,1396100
178,2019-09-11,1203.89,1202.28,1222.47,1220,1176100
178,2019-09-12,1223.47,1222.56,1242.42,1234.97,1582200
178,2019-09-13,1232.11,1227.08,1241.05,1240.03,1183800
178,2019-09-16,1230.44,1225.19,1239.02,1231.63,1410900
178,2019-09-17,1231.63,1223.35,1235,1229.88,1040300
178,2019-09-18,1230.24,1216.47,1236.24,1232.65,872000
178,2019-09-19,1232.32,1232.31,1244.34,1238.75,827700
178,2019-09-20,1233.64,1223.58,1242.8,1229.84,1884600
178,2019-09-23,1226.57,1223.78,1239.68,1234.69,1039900
178,2019-09-24,1240,1210.64,1247.11,1218.33,1790200
178,2019-09-25,1216.01,1209.2,1248.02,1245.94,1339900
178,2019-09-26,1242.14,1231.82,1244.67,1242.29,1158300
178,2019-09-27,1242.83,1215.2,1244.99,1225.95,1706100
178,2019-09-30,1220.6,1213.42,1227.41,1221.14,1223500
178,2019-10-01,1222.49,1205.55,1232.86,1206,1225200
178,2019-10-02,1196.5,1172.63,1198.76,1177.92,1651500
178,2019-10-03,1183.34,1163.14,1191,1189.43,1418400
178,2019-10-04,1194.29,1190.97,1212.46,1210.96,1214100
178,2019-10-07,1207,1204.36,1218.91,1208.25,852000
178,2019-10-08,1198.77,1189.48,1206.87,1190.13,1004300
178,2019-10-09,1201.33,1198.12,1208.46,1202.4,797400
178,2019-10-10,1198.6,1197.86,1215.62,1209.47,642100
178,2019-10-11,1224.03,1213.64,1228.75,1215.71,1116500
178,2019-10-14,1213.89,1211.88,1225.88,1217.77,664800
178,2019-10-15,1221.5,1220.92,1247.13,1242.24,1379200
178,2019-10-16,1241.81,1238.53,1254.19,1243,1149300
178,2019-10-17,1251.4,1249.87,1263.75,1252.8,1047900
178,2019-10-18,1254.69,1240.14,1258.11,1244.41,1581200
178,2019-10-21,1248.7,1239.99,1253.51,1244.28,904700
178,2019-10-22,1244.48,1239.85,1248.73,1241.2,1143100
178,2019-10-23,1240.21,1240.21,1258.04,1257.63,1064100
178,2019-10-24,1259.11,1252.35,1262.9,1259.11,1011200
178,2019-10-25,1252,1249.15,1268,1264.3,1355200
178,2019-10-28,1275,1272.31,1299.24,1288.98,3271400
178,2019-10-29,1276,1255.61,1280.8,1260.66,2632700
178,2019-10-30,1255.15,1250.65,1268.02,1260.7,1460200
178,2019-10-31,1260,1249.48,1266.52,1258.8,1595000
178,2019-11-01,1265.8,1259.71,1273,1272.25,1440600
178,2019-11-04,1276.11,1276.11,1292.5,1289.61,1531600
178,2019-11-05,1291.2,1289.38,1297.24,1291.44,1257100
178,2019-11-06,1290.09,1282.27,1292.99,1291.01,1231300
178,2019-11-07,1294.28,1293.75,1322.65,1306.94,2257000
178,2019-11-08,1301.52,1301.52,1317.11,1309,1519600
178,2019-11-11,1304,1295.87,1304.9,1298.28,861700
178,2019-11-12,1298.57,1294.24,1309.35,1297.21,1442600
178,2019-11-13,1293.18,1292.15,1302.52,1296.18,1026900
178,2019-11-14,1295,1293.94,1315.72,1309.15,1447400
178,2019-11-15,1315.05,1311.89,1333.54,1333.54,1964300
178,2019-11-18,1332.34,1316.16,1333.92,1319.84,1399200
178,2019-11-19,1326.63,1311.77,1326.63,1312.59,1093200
178,2019-11-20,1311.36,1289.21,1313.21,1301.86,1444600
178,2019-11-21,1299.25,1290.75,1311.12,1300.14,1277100
178,2019-11-22,1303,1289.36,1306.9,1293.67,1388800
178,2019-11-25,1296.26,1295.61,1310.41,1305.64,1179500
178,2019-11-26,1309.91,1304.04,1314.01,1313,1095500
178,2019-11-27,1315.42,1309.47,1317.64,1312.13,940400
178,2019-11-29,1306.6,1303.23,1309.95,1304.09,640100
178,2019-12-02,1302.56,1280.38,1305.44,1288.86,1326900
178,2019-12-03,1278.66,1277.05,1297.23,1294.74,1263500
178,2019-12-04,1306.1,1303.05,1324.27,1318.94,1775300
178,2019-12-05,1327,1314.32,1327.98,1326.96,1220400
178,2019-12-06,1332.75,1331.23,1342.47,1339.39,1648400
178,2019-12-09,1338.86,1336.07,1357.55,1342.99,1542100
178,2019-12-10,1339.94,1334,1348,1342.89,880300
178,2019-12-11,1348.3,1341.1,1349.89,1344.25,1024000
178,2019-12-12,1343.21,1338.2,1354.58,1348.49,1455700
178,2019-12-13,1347.9,1341.66,1351.35,1346.87,1658500
178,2019-12-16,1355,1350.61,1363.53,1360.7,1406400
178,2019-12-17,1362.41,1350.77,1364.33,1354.89,1647400
178,2019-12-18,1357,1350.46,1359.43,1351.91,1166500
178,2019-12-19,1351.91,1348.75,1357.53,1356.44,1446100
178,2019-12-20,1363.1,1350.73,1364,1351.22,2504500
178,2019-12-23,1358.73,1348,1361.85,1350.63,996800
178,2019-12-24,1350.21,1344.17,1352.01,1344.43,673400
178,2019-12-26,1346.55,1345.51,1363.2,1362.47,1183100
178,2019-12-27,1364,1353,1367.05,1354.64,1160600
178,2019-12-30,1356.81,1337.84,1357,1339.71,999700
178,2019-12-31,1335.79,1332.13,1340.66,1339.39,975700
178,2020-01-02,1348.41,1346.49,1368.68,1368.68,1363900
178,2020-01-03,1348,1347.32,1373.75,1361.52,1170400
178,2020-01-06,1351.63,1351,1398.32,1397.81,2338400
178,2020-01-07,1400.46,1391.56,1403.5,1395.11,1716500
178,2020-01-08,1394.82,1392.63,1411.85,1405.04,1765700
178,2020-01-09,1421.93,1410.21,1428.68,1419.79,1660000
178,2020-01-10,1429.47,1419.6,1434.94,1428.96,1312900
178,2020-01-13,1435.25,1425.37,1441.48,1440.03,1536500
178,2020-01-14,1440,1427.77,1442.63,1430.59,1303800
178,2020-01-15,1433.02,1431.66,1440.78,1439.2,1077500
178,2020-01-16,1445.45,1440,1450.7,1450.16,1304000
178,2020-01-17,1462.54,1456.55,1480.55,1479.52,2621200
178,2020-01-21,1479,1470.21,1489.88,1482.25,2446500
178,2020-01-22,1489.73,1482.66,1500.58,1483.87,1422900
178,2020-01-23,1487.55,1480.32,1493.5,1484.69,1332500
178,2020-01-24,1492.82,1463.18,1494.2,1466.17,1489300
178,2020-01-27,1431.54,1419.5,1436.58,1431.73,1706600
178,2020-01-28,1441.74,1430.36,1454.8,1450.5,1486200
178,2020-01-29,1458.46,1445.39,1464.14,1456.7,1078300
178,2020-01-30,1438.1,1435,1455.25,1454.25,1355500
178,2020-01-31,1467.86,1427.06,1469.67,1432.78,2191100
178,2020-02-03,1461.65,1456.61,1486.3,1482.6,3608800
178,2020-02-04,1454.49,1422.03,1467.34,1445.41,4794000
178,2020-02-05,1463.61,1429.68,1464.58,1446.05,1818800
178,2020-02-06,1451.98,1450.48,1481.56,1475.97,1891100
178,2020-02-07,1467.39,1465.41,1485.25,1479.11,1418000
178,2020-02-10,1477.23,1475.2,1508.88,1508.66,1915100
178,2020-02-11,1513.27,1505.45,1529.88,1510.06,1742600
178,2020-02-12,1515.86,1508.67,1520.3,1518.63,1552100
178,2020-02-13,1510,1504,1525.95,1513.39,1145700
178,2020-02-14,1514.53,1505.55,1520.05,1518.73,1159900
178,2020-02-18,1514.34,1511.01,1530.56,1519.44,1282100
178,2020-02-19,1527.2,1520.98,1530.74,1524.87,1137300
178,2020-02-20,1519.01,1504.26,1527.07,1516.99,1298100
178,2020-02-21,1504.58,1478.49,1510.95,1483.46,2126000
178,2020-02-24,1423.05,1406.79,1436.38,1419.86,2478000
178,2020-02-25,1431,1380.42,1436.85,1386.32,2579000
178,2020-02-26,1394.98,1376.55,1413.67,1390.47,2488800
178,2020-02-27,1359.14,1314.24,1369.4,1314.95,3114500
178,2020-02-28,1274.31,1268.21,1342.45,1339.25,4010900
178,2020-03-02,1351.39,1325.2,1387.47,1386.32,2771500
178,2020-03-03,1397.68,1329.24,1408.19,1337.72,2830100
178,2020-03-04,1358.96,1337,1382.78,1381.6,2379900
178,2020-03-05,1345.55,1301.64,1353.63,1314.76,2719000
178,2020-03-06,1269.95,1257.21,1302.75,1295.74,3232000
178,2020-03-09,1204.96,1198.04,1252.73,1215.79,3462600
178,2020-03-10,1254.39,1214.51,1275.85,1275.17,2743600
178,2020-03-11,1248.27,1191.14,1256.93,1210.9,2736600
178,2020-03-12,1122.62,1108.47,1188.75,1111.55,4716300
178,2020-03-13,1174.99,1112.29,1214.4,1214.27,3970000
178,2020-03-16,1089.61,1067.08,1145.47,1073,4826000
178,2020-03-17,1090.64,1049.1,1126,1118.06,4159700
178,2020-03-18,1059.94,1037,1104.99,1091.19,4652200
178,2020-03-19,1088.22,1055.55,1152.61,1111.67,3703200
178,2020-03-20,1130.9,1062.1,1138.48,1068.21,4143900
178,2020-03-23,1056.37,1008.87,1066.91,1054.13,4183600
178,2020-03-24,1103.98,1086.43,1133.33,1130.01,3623400
178,2020-03-25,1124.58,1083.01,1146.17,1101.62,4516200
178,2020-03-26,1114.72,1092.03,1171.48,1162.92,3828100
178,2020-03-27,1127.47,1108.44,1133.77,1115.89,1412932
178,2020-03-30,1132.64,1098.49,1151,1146.31,2936800
178,2020-03-31,1148.73,1136.72,1173.4,1161.95,3261400
178,2020-04-01,1124,1093.49,1129.42,1102.1,2598500
178,2020-04-02,1100,1093.13,1122.77,1117.03,2820500
178,2020-04-03,1114.71,1075.08,1118.79,1092.7,2568700
178,2020-04-06,1133,1125,1190.75,1183.19,3166000
178,2020-04-07,1217.01,1177.25,1220.78,1182.56,3081000
178,2020-04-08,1203.1,1183.95,1214.9,1207,2016700
178,2020-04-09,1218.18,1192.42,1221.99,1206.57,2701400
178,2020-04-13,1201.5,1182.33,1214.52,1210.41,1935100
178,2020-04-14,1239.97,1228.54,1275.75,1265.23,3167900
178,2020-04-15,1246.51,1234,1275.11,1257.3,2111800
178,2020-04-16,1267.14,1238.2,1273.36,1257.43,2894800
178,2020-04-17,1281.7,1266,1290,1279,2552500
178,2020-04-20,1269.89,1256.44,1276.82,1261.15,1764600
178,2020-04-21,1242.71,1205,1250,1212.16,2482400
178,2020-04-22,1241.11,1237.2,1279.88,1258.41,2315800
178,2020-04-23,1265.74,1260.53,1288.15,1271.17,1710100
178,2020-04-24,1255,1244,1277.71,1276.6,1872000
178,2020-04-27,1292,1265.06,1294.1,1270.86,2209300
178,2020-04-28,1283.2,1230.65,1284.76,1232.59,2905828
178,2020-04-29,1345,1326.73,1360.15,1342.18,5417900
178,2020-04-30,1331.36,1321.67,1350,1346.7,2349067
178,2020-05-01,1324.09,1309.66,1351.43,1317.32,2443600
178,2020-05-04,1308.13,1296.01,1324.47,1322.9,1343237
178,2020-05-05,1337.5,1335.22,1371.01,1349.02,1873841
178,2020-05-06,1358,1345.13,1368.37,1345.43,1457248
178,2021-05-05,34.9023,34.8438,36.3125,35.25,69305200
267,2019-03-27,1784.13,1745.68,1787.5,1765.7,4324800
267,2019-03-28,1770,1753.47,1777.93,1773.42,3043000
267,2019-03-29,1786.58,1776.63,1792.86,1780.75,3320800
267,2019-04-01,1800.11,1798.73,1815.67,1814.19,4238800
267,2019-04-02,1811.02,1805.12,1820,1813.98,3448100
267,2019-04-03,1826.72,1809.62,1830,1820.7,3980600
267,2019-04-04,1820.65,1804.2,1828.75,1818.86,3623900
267,2019-04-05,1829,1825.19,1838.58,1837.28,3640500
267,2019-04-08,1833.23,1825.11,1850.2,1849.86,3752800
267,2019-04-09,1845.49,1831.78,1853.09,1835.84,3714400
267,2019-04-10,1841,1828.81,1848,1847.33,2964000
267,2019-04-11,1848.7,1840.31,1849.95,1844.07,2654800
267,2019-04-12,1848.4,1841.3,1851.5,1843.06,3114400
267,2019-04-15,1842,1818.9,1846.85,1844.87,3724400
267,2019-04-16,1851.35,1848,1869.77,1863.04,3044600
267,2019-04-17,1872.99,1860.44,1876.47,1864.82,2893500
267,2019-04-18,1868.79,1859.48,1870.82,1861.69,2749900
267,2019-04-22,1855.4,1845.64,1888.42,1887.31,3373800
267,2019-04-23,1891.2,1889.58,1929.26,1923.77,4640400
267,2019-04-24,1925,1898.16,1929.69,1901.75,3675800
267,2019-04-25,1917,1900.31,1922.45,1902.25,6099100
267,2019-04-26,1929,1898,1951,1950.63,8432600
267,2019-04-29,1949,1934.09,1956.34,1938.43,4021300
267,2019-04-30,1930.1,1906.95,1935.71,1926.52,3506000
267,2019-05-01,1933.09,1910.55,1943.64,1911.52,3117000
267,2019-05-02,1913.33,1881.87,1921.55,1900.82,3962900
267,2019-05-03,1949,1936,1964.4,1962.46,6381600
267,2019-05-06,1917.98,1910.5,1959,1950.55,5417800
267,2019-05-07,1939.99,1903.38,1949.1,1921,5902100
267,2019-05-08,1918.87,1910,1935.37,1917.77,4078600
267,2019-05-09,1900,1876,1909.4,1899.87,5308300
267,2019-05-10,1898,1856,1903.79,1889.98,5718000
267,2019-05-13,1836.56,1818,1846.54,1822.68,5783400
267,2019-05-14,1839.5,1815.75,1852.44,1840.12,4629100
267,2019-05-15,1827.95,1823,1874.43,1871.15,4692600
267,2019-05-16,1885.94,1882.29,1917.51,1907.57,4707800
267,2019-05-17,1893.05,1867.33,1910.53,1869,4736600
267,2019-05-20,1852.69,1835.54,1867.78,1858.97,3798200
267,2019-05-21,1874.79,1846,1879,1857.52,4005100
267,2019-05-22,1851.78,1851,1871.49,1859.68,2936600
267,2019-05-23,1836.59,1804.2,1844,1815.48,4424300
267,2019-05-24,1835.89,1817.85,1841.76,1823.28,3369700
267,2019-05-28,1832.75,1827.35,1849.27,1836.43,3200000
267,2019-05-29,1823.12,1807.53,1830,1819.19,4279000
267,2019-05-30,1825.49,1807.83,1829.47,1816.32,3146900
267,2019-05-31,1790.01,1772.7,1795.59,1775.07,4618800
267,2019-06-03,1760.01,1672,1766.29,1692.69,9098700
267,2019-06-04,1699.24,1680.89,1730.82,1729.56,5679100
267,2019-06-05,1749.6,1715.25,1752,1738.5,4239800
267,2019-06-06,1737.71,1726.13,1760,1754.36,3689300
267,2019-06-07,1763.7,1759.49,1806.25,1804.03,4808200
267,2019-06-10,1822,1818,1884.87,1860.63,5371000
267,2019-06-11,1883.25,1858,1893.7,1863.7,4042700
267,2019-06-12,1853.98,1844.38,1865,1855.32,2674500
267,2019-06-13,1866.72,1862.22,1883.09,1870.3,2795800
267,2019-06-14,1864,1859,1876,1869.67,2851200
267,2019-06-17,1876.5,1875.45,1895.69,1886.03,2634300
267,2019-06-18,1901.35,1899.79,1921.67,1901.37,3895700
267,2019-06-19,1907.84,1892.47,1919.58,1908.79,2895300
267,2019-06-20,1933.33,1905.8,1935.2,1918.19,3217200
267,2019-06-21,1916.1,1907.58,1925.95,1911.3,3933600
267,2019-06-24,1912.66,1901.3,1916.86,1913.9,2283000
267,2019-06-25,1911.84,1872.42,1916.39,1878.27,3012300
267,2019-06-26,1892.48,1887.32,1903.8,1897.83,2441900
267,2019-06-27,1902,1898.04,1911.24,1904.28,2141700
267,2019-06-28,1909.1,1884,1912.94,1893.63,3037400
267,2019-07-01,1922.98,1914.66,1929.82,1922.19,3203300
267,2019-07-02,1919.38,1906.63,1934.79,1934.31,2645900
267,2019-07-03,1935.89,1930.5,1941.59,1939,1690300
267,2019-07-05,1928.6,1925.3,1945.9,1942.91,2628400
267,2019-07-08,1934.12,1928.25,1956,1952.32,2883400
267,2019-07-09,1947.8,1943.48,1990.01,1988.3,4345700
267,2019-07-10,1996.51,1995.4,2024.94,2017.41,4931900
267,2019-07-11,2025.62,1995.3,2035.8,2001.07,4317800
267,2019-07-12,2008.27,2003.87,2017,2011,2509300
267,2019-07-15,2021.4,2001.55,2022.9,2020.99,2981300
267,2019-07-16,2010.58,2001.22,2026.32,2009.9,2618200
267,2019-07-17,2007.05,1992.03,2012,1992.03,2558800
267,2019-07-18,1980.01,1951.55,1987.5,1977.9,3504300
267,2019-07-19,1991.21,1962.23,1996,1964.52,3185600
267,2019-07-22,1971.14,1958.26,1989,1985.63,2900000
267,2019-07-23,1995.99,1973.13,1997.79,1994.49,2703500
267,2019-07-24,1969.3,1965.87,2001.3,2000.81,2631300
267,2019-07-25,2001,1972.72,2001.2,1973.82,4136500
267,2019-07-26,1942,1924.51,1950.9,1943.05,4927100
267,2019-07-29,1930,1890.54,1932.23,1912.45,4493200
267,2019-07-30,1891.12,1883.48,1909.89,1898.53,2910900
267,2019-07-31,1898.11,1849.44,1899.55,1866.78,4470700
267,2019-08-01,1871.72,1844.01,1897.92,1855.32,4713300
267,2019-08-02,1845.07,1808.02,1846.36,1823.24,4956200
267,2019-08-05,1770.22,1748.78,1788.67,1765.13,6058200
267,2019-08-06,1792.23,1753.4,1793.77,1787.83,5070300
267,2019-08-07,1773.99,1757,1798.93,1793.4,4526900
267,2019-08-08,1806,1798.11,1834.26,1832.89,3701200
267,2019-08-09,1828.95,1802.22,1831.09,1807.58,2879800
267,2019-08-12,1795.99,1777,1800.98,1784.92,2905500
267,2019-08-13,1783,1780,1831.74,1824.34,3994000
267,2019-08-14,1793.01,1757.22,1795.65,1762.96,4893600
267,2019-08-15,1781.99,1761.96,1788,1776.12,3759100
267,2019-08-16,1792.89,1784.55,1802.91,1792.57,3018000
267,2019-08-19,1818.08,1812.61,1826,1816.12,2816300
267,2019-08-20,1814.5,1799.88,1816.82,1801.38,1929500
267,2019-08-21,1819.39,1815,1829.58,1823.54,2031800
267,2019-08-22,1828,1800.1,1829.41,1804.66,2653500
267,2019-08-23,1793.03,1745.23,1804.9,1749.62,5270800
267,2019-08-26,1766.91,1743.51,1770,1768.87,3080000
267,2019-08-27,1775.73,1746.68,1779.4,1761.83,3019700
267,2019-08-28,1755,1744.05,1767.86,1764.25,2419700
267,2019-08-29,1783,1777.25,1798.55,1786.4,3015100
267,2019-08-30,1797.49,1764.57,1799.74,1776.29,3058700
267,2019-09-03,1770,1768,1800.8,1789.84,3543000
267,2019-09-04,1805,1796.23,1807.63,1800.62,2324100
267,2019-09-05,1821.95,1815.58,1842,1840.72,3310800
267,2019-09-06,1838.22,1826.4,1840.65,1833.51,2496900
267,2019-09-09,1841,1824.61,1850,1831.35,2999500
267,2019-09-10,1822.75,1805.34,1825.81,1820.55,2613900
267,2019-09-11,1812.14,1809.08,1833.42,1822.99,2432800
267,2019-09-12,1837.63,1834.28,1853.66,1843.55,2823500
267,2019-09-13,1842.01,1835.17,1846.12,1839.34,1971300
267,2019-09-16,1824.02,1800.2,1825.69,1807.84,3675500
267,2019-09-17,1807.08,1804.1,1823.99,1822.55,1982400
267,2019-09-18,1817.04,1795.5,1822.06,1817.46,2505600
267,2019-09-19,1821.02,1817.9,1832.57,1821.5,2031500
267,2019-09-20,1821.71,1780.92,1830.63,1794.16,5341900
267,2019-09-23,1777,1767.32,1792.7,1785.3,2922300
267,2019-09-24,1790.61,1735.55,1795.71,1741.61,4616000
267,2019-09-25,1747.36,1723,1773,1768.33,3493200
267,2019-09-26,1762.79,1731.5,1763.37,1739.84,3536800
267,2019-09-27,1748,1713.82,1749.12,1725.45,3907200
267,2019-09-30,1726.99,1709.22,1737.46,1735.91,2644700
267,2019-10-01,1746,1728.41,1755.6,1735.65,3084500
267,2019-10-02,1727.74,1705,1728.89,1713.23,3301100
267,2019-10-03,1713,1685.06,1725,1724.42,3468200
267,2019-10-04,1726.02,1719.23,1740.58,1739.65,2471900
267,2019-10-07,1731.63,1723.7,1747.83,1732.66,2154700
267,2019-10-08,1722.49,1705,1727,1705.51,2542000
267,2019-10-09,1719.61,1714.36,1729.95,1721.99,2043500
267,2019-10-10,1725.24,1713.75,1738.29,1720.26,2575200
267,2019-10-11,1742.92,1729.86,1745.45,1731.92,3255000
267,2019-10-14,1728.91,1722,1741.89,1736.43,1910200
267,2019-10-15,1742.14,1740.62,1776.45,1767.38,3111700
267,2019-10-16,1773.33,1770.52,1786.24,1777.43,2763400
267,2019-10-17,1796.49,1782.02,1798.85,1787.48,2647400
267,2019-10-18,1787.8,1749.2,1793.98,1757.51,3362500
267,2019-10-21,1769.66,1765,1785.88,1785.66,2130400
267,2019-10-22,1788.15,1762,1789.78,1765.73,2111700
267,2019-10-23,1761.3,1742,1770.05,1762.17,2138200
267,2019-10-24,1771.09,1760.27,1788.34,1780.78,4446100
267,2019-10-25,1697.55,1695,1764.21,1761.33,9626400
267,2019-10-28,1748.06,1742.5,1778.7,1777.08,3708900
267,2019-10-29,1774.81,1755.81,1777,1762.71,2276900
267,2019-10-30,1760.24,1759.12,1782.38,1779.99,2449400
267,2019-10-31,1775.99,1771.48,1792,1776.66,2781200
267,2019-11-01,1788.01,1785.21,1797.45,1791.44,2790400
267,2019-11-04,1801.01,1801.01,1815.06,1804.66,2771900
267,2019-11-05,1809.16,1794,1810.25,1801.71,1885500
267,2019-11-06,1801,1788.58,1802.5,1795.77,2029800
267,2019-11-07,1803.76,1783.48,1805.9,1788.2,2651100
267,2019-11-08,1787.89,1774.04,1789.88,1785.88,2123300
267,2019-11-11,1778,1767.13,1780,1771.65,1946000
267,2019-11-12,1774.66,1771.91,1786.22,1778,2037600
267,2019-11-13,1773.39,1747.32,1775,1753.11,2989500
267,2019-11-14,1751.43,1749.56,1766.59,1754.6,2264800
267,2019-11-15,1760.05,1732.86,1761.68,1739.49,3927600
267,2019-11-18,1738.3,1722.71,1753.7,1752.53,2839500
267,2019-11-19,1756.99,1743.03,1760.68,1752.79,2270800
267,2019-11-20,1749.14,1734.12,1762.52,1745.53,2790000
267,2019-11-21,1743,1730.36,1746.87,1734.71,2662900
267,2019-11-22,1739.02,1731,1746.43,1745.72,2479100
267,2019-11-25,1753.25,1753.24,1777.42,1773.84,3486200
267,2019-11-26,1779.92,1778.35,1797.03,1796.94,3181200
267,2019-11-27,1801,1797.31,1824.5,1818.51,3025600
267,2019-11-29,1817.78,1800.79,1824.69,1800.8,1923400
267,2019-12-02,1804.4,1762.68,1805.55,1781.6,3925600
267,2019-12-03,1760,1747.23,1772.87,1769.96,3380900
267,2019-12-04,1774.01,1760.22,1789.09,1760.69,2670100
267,2019-12-05,1763.5,1740,1763.5,1740.48,2823800
267,2019-12-06,1751.2,1740.13,1754.4,1751.6,3117400
267,2019-12-09,1750.66,1745.61,1766.89,1749.51,2442800
267,2019-12-10,1747.4,1735,1750.67,1739.21,2514300
267,2019-12-11,1741.67,1735.71,1750,1748.72,2097600
267,2019-12-12,1750,1745.44,1764,1760.33,3095900
267,2019-12-13,1765,1755,1768.99,1760.94,2745700
267,2019-12-16,1767,1757.05,1769.5,1769.21,3145200
267,2019-12-17,1778.01,1777.39,1792,1790.66,3644400
267,2019-12-18,1795.02,1782.36,1798.2,1784.03,3351400
267,2019-12-19,1780.5,1774.06,1792.99,1792.28,2652800
267,2019-12-20,1799.62,1782.45,1802.97,1786.5,5150800
267,2019-12-23,1788.26,1784.51,1793,1793,2136400
267,2019-12-24,1793.81,1787.58,1795.57,1789.21,881300
267,2019-12-26,1801.01,1799.5,1870.46,1868.77,6005400
267,2019-12-27,1882.92,1866.01,1901.4,1869.8,6186600
267,2019-12-30,1874,1840.62,1884,1846.89,3674700
267,2019-12-31,1842,1832.23,1853.26,1847.84,2506500
267,2020-01-02,1875,1864.15,1898.01,1898.01,4029000
267,2020-01-03,1864.5,1864.5,1886.2,1874.97,3764400
267,2020-01-06,1860,1860,1903.69,1902.88,4061800
267,2020-01-07,1904.5,1892.04,1913.89,1906.86,4044900
267,2020-01-08,1898.04,1886.44,1911,1891.97,3508000
267,2020-01-09,1909.89,1895.8,1917.82,1901.05,3167300
267,2020-01-10,1905.37,1880,1906.94,1883.16,2853700
267,2020-01-13,1891.31,1880.8,1898,1891.3,2780800
267,2020-01-14,1885.88,1858.55,1887.11,1869.44,3440900
267,2020-01-15,1872.25,1855.09,1878.86,1862.02,2896600
267,2020-01-16,1882.99,1866.02,1885.59,1877.94,2659500
267,2020-01-17,1885.89,1857.25,1886.64,1864.72,3997300
267,2020-01-21,1865,1860,1894.27,1892,3707800
267,2020-01-22,1896.09,1883.34,1902.5,1887.46,3216300
267,2020-01-23,1885.11,1872.76,1889.98,1884.58,2484600
267,2020-01-24,1891.37,1847.44,1894.99,1861.64,3766200
267,2020-01-27,1820,1815.34,1841,1828.34,3528500
267,2020-01-28,1840.5,1830.02,1858.11,1853.25,2808000
267,2020-01-29,1864,1855.02,1874.75,1858,2088000
267,2020-01-30,1858,1850.61,1872.87,1870.68,6327400
267,2020-01-31,2051.47,2002.27,2055.72,2008.72,15567300
267,2020-02-03,2010.6,2000.25,2048.5,2004.2,5899100
267,2020-02-04,2029.88,2015.37,2059.8,2049.67,5289300
267,2020-02-05,2071.02,2032,2071.02,2039.87,4376200
267,2020-02-06,2041.02,2024.8,2056.3,2050.23,3183000
267,2020-02-07,2041.99,2038.1,2098.53,2079.28,5095300
267,2020-02-10,2085.01,2084.96,2135.6,2133.91,5056200
267,2020-02-11,2150.9,2136,2185.95,2150.8,5746000
267,2020-02-12,2163.2,2155.29,2180.25,2160,3334300
267,2020-02-13,2144.99,2142,2170.28,2149.87,3031800
267,2020-02-14,2155.68,2125.89,2159.04,2134.87,2606200
267,2020-02-18,2125.02,2124.11,2166.07,2155.67,2945600
267,2020-02-19,2167.8,2161.12,2185.1,2170.22,2561200
267,2020-02-20,2173.07,2127.45,2176.79,2153.1,3131300
267,2020-02-21,2142.15,2088,2144.55,2095.97,4646300
267,2020-02-24,2003.18,1987.97,2039.3,2009.29,6547000
267,2020-02-25,2026.42,1958.42,2034.6,1972.74,6219100
267,2020-02-26,1970.28,1960.45,2014.67,1979.59,5224600
267,2020-02-27,1934.38,1882.76,1975,1884.3,8144000
267,2020-02-28,1814.63,1811.13,1889.76,1883.75,9493800
267,2020-03-02,1906.49,1870,1954.51,1953.95,6761700
267,2020-03-03,1975.37,1888.09,1996.33,1908.99,7534500
267,2020-03-04,1946.57,1922,1978,1975.83,4772900
267,2020-03-05,1933,1910,1960.72,1924.03,4748200
267,2020-03-06,1875,1869.5,1910.87,1901.09,5273600
267,2020-03-09,1773.86,1761.29,1862.77,1800.61,7813200
267,2020-03-10,1870.88,1818.17,1894.27,1891.82,7133300
267,2020-03-11,1857.85,1801.5,1871.32,1820.86,5624800
267,2020-03-12,1721.98,1675,1765,1676.61,11346200
267,2020-03-13,1755,1680.62,1786.31,1785,8809700
267,2020-03-16,1641.51,1626.03,1759.45,1689.15,8917300
267,2020-03-17,1775.47,1689.24,1857.78,1807.84,10917100
267,2020-03-18,1750,1745,1841.66,1830,9645200
267,2020-03-19,1860,1832.65,1945,1880.93,10399900
267,2020-03-20,1926.31,1820.73,1957,1846.09,9817900
267,2020-03-23,1827.75,1812,1919.4,1902.83,7808500
267,2020-03-24,1951.5,1900.34,1955,1940.1,7147100
267,2020-03-25,1920.69,1885.78,1950.26,1885.84,6479100
267,2020-03-26,1902,1889.29,1956.49,1955.49,6221300
267,2020-03-27,1930.86,1905.86,1939.79,1911.69,2463891
267,2020-03-30,1922.83,1912.34,1973.63,1963.95,6126100
267,2020-03-31,1964.35,1944.01,1993.02,1949.72,5123600
267,2020-04-01,1932.97,1893,1944.96,1907.7,4121900
267,2020-04-02,1901.64,1890,1927.53,1918.83,4336000
267,2020-04-03,1911.15,1889.15,1926.33,1906.59,3609900
267,2020-04-06,1936,1930.02,1998.52,1997.59,5773200
267,2020-04-07,2017.11,1997.62,2035.72,2011.6,5114000
267,2020-04-08,2021,2011.15,2044,2043,3977300
267,2020-04-09,2044.3,2017.66,2053,2042.76,4655600
267,2020-04-13,2040,2038,2180,2168.87,6716700
267,2020-04-14,2200.47,2186.21,2292,2283.32,8087200
267,2020-04-15,2257.68,2245,2333.37,2307.68,6866600
267,2020-04-16,2346,2335,2461,2408.19,12038200
267,2020-04-17,2372.33,2316.02,2400,2375,7930000
267,2020-04-20,2389.95,2386.05,2444.98,2393.61,5770700
267,2020-04-21,2416.61,2279.66,2428.31,2328.12,7476700
267,2020-04-22,2369,2351,2394,2363.49,4218300
267,2020-04-23,2399.98,2382.08,2424.22,2399.45,5066600
267,2020-04-24,2417,2382,2420.43,2410.22,3831800
267,2020-04-27,2443.2,2363,2444.88,2376,5645600
267,2020-04-28,2372.1,2306,2373,2314.08,4916361
267,2020-04-29,2330.01,2310,2391.89,2372.71,4591600
267,2020-04-30,2419.84,2396.06,2475,2474,7580781
267,2020-05-01,2336.8,2258.19,2362.44,2286.04,9772600
267,2020-05-04,2256.38,2256.5,2326,2315.99,4609452
267,2020-05-05,2340,2307.12,2351,2317.8,3140300
267,2020-05-06,2340,2320,2357.38,2351.26,3018351
267,2021-05-05,34.9023,34.8438,36.3125,35.25,69305200
292,2019-03-27,32.93,31.95,33.45,32.28,13669400
292,2019-03-28,32.29,31.73,32.93,32.87,17750600
292,2019-03-29,33.1,32.47,33.24,32.88,13529300
292,2019-04-01,33.16,32.7,33.68,33.44,12499700
292,2019-04-02,33.44,33.23,33.89,33.75,11638000
292,2019-04-03,34,33.81,34.76,34.38,18041000
292,2019-04-04,34.7,33.9,35.14,34.42,14604100
292,2019-04-05,34.55,34.37,34.8,34.72,9571700
292,2019-04-08,34.79,34.51,35.06,34.86,10655000
292,2019-04-09,34.84,34.81,35.39,35.14,13889700
292,2019-04-10,35.26,34.51,35.27,34.75,11648800
292,2019-04-11,34.75,34.41,34.87,34.58,10982700
292,2019-04-12,34.67,34.11,34.83,34.37,12713800
292,2019-04-15,34.38,34.34,35.03,34.71,10248400
292,2019-04-16,34.84,34.23,34.99,34.46,9396300
292,2019-04-17,34.73,34.2,34.9,34.48,9023000
292,2019-04-18,34.67,34.32,34.86,34.4,9806100
292,2019-04-22,34.4,33.82,34.62,34.39,19704300
292,2019-04-23,36.93,36.91,40.53,39.77,104262500
292,2019-04-24,39.86,38.8,39.95,39.29,30266900
292,2019-04-25,39.26,38.19,40.13,38.48,26044800
292,2019-04-26,38.59,38.18,39.34,38.67,15270500
292,2019-04-29,38.63,38.63,39.97,39.78,19680000
292,2019-04-30,39.79,39.65,40.92,39.91,22912000
292,2019-05-01,40,39.26,40.07,39.29,14962600
292,2019-05-02,39.24,38.84,40,39.95,13419100
292,2019-05-03,40.48,39.96,40.82,40.8,15577100
292,2019-05-06,39.69,39.45,40.44,40.23,14517400
292,2019-05-07,39.9,38.12,40.15,38.62,19283100
292,2019-05-08,38.45,38.33,39.15,38.58,9168400
292,2019-05-09,38.11,37.82,39.02,38.79,10010700
292,2019-05-10,38.68,37.86,39.16,38.45,12259000
292,2019-05-13,37.5,36.37,37.64,36.59,16829700
292,2019-05-14,37.04,36.6,37.52,36.93,11125100
292,2019-05-15,36.67,36.64,38.14,37.9,11523100
292,2019-05-16,38.11,38.05,38.72,38.3,10104400
292,2019-05-17,37.83,37.47,38.13,37.5,9090300
292,2019-05-20,37.12,36.92,37.73,37.15,9411900
292,2019-05-21,37.47,37.33,37.86,37.47,8861400
292,2019-05-22,37.41,37.24,39.32,38.58,21105400
292,2019-05-23,38.15,36.8,38.29,37.19,18398800
292,2019-05-24,37.47,37.27,37.85,37.41,9303900
292,2019-05-28,37.41,37.23,38.04,37.29,11770300
292,2019-05-29,37.02,36.52,37.4,36.85,12270300
292,2019-05-30,37,36.6,37.29,37.14,7413100
292,2019-05-31,36.62,36.3,36.96,36.44,8556100
292,2019-06-03,36.45,34.04,36.9,34.43,22217100
292,2019-06-04,35.18,34.97,36.15,36.1,15357100
292,2019-06-05,36.5,35.95,36.71,36.33,12798700
292,2019-06-06,36.26,35.96,36.75,36.59,8863000
292,2019-06-07,36.87,36.8,38.31,37.93,15399700
292,2019-06-10,38.35,37.62,38.64,37.64,10036400
292,2019-06-11,38.09,36.85,38.26,37.21,9528600
292,2019-06-12,37.13,37.05,37.62,37.49,6793300
292,2019-06-13,37.04,35.76,37.04,36.34,21679400
292,2019-06-14,36.36,36.04,36.49,36.15,7791100
292,2019-06-17,36.26,36.11,36.68,36.44,7896000
292,2019-06-18,36.71,36.55,37.51,36.65,12705500
292,2019-06-19,36.63,35.81,36.68,36.29,12059700
292,2019-06-20,36.35,35.33,36.65,35.44,19676100
292,2019-06-21,35.5,34.99,35.75,35.02,12853600
292,2019-06-24,35.19,34.82,35.67,35.58,9216800
292,2019-06-25,35.52,34.57,35.73,34.72,11196400
292,2019-06-26,34.98,34.92,35.38,35.22,8744800
292,2019-06-27,35.44,34.61,35.64,34.75,12655900
292,2019-06-28,34.75,34.28,34.99,34.9,15505300
292,2019-07-01,35.5,35.22,36.25,36.08,14416800
292,2019-07-02,36.17,35.89,36.6,36.22,8393200
292,2019-07-03,36.29,35.94,36.39,36.02,5372600
292,2019-07-05,36,35.6,36.35,36.25,6084800
292,2019-07-08,36.04,35.87,36.64,36.45,8058100
292,2019-07-09,36.35,36.29,37.67,37.65,14218000
292,2019-07-10,37.9,36.88,38.03,37.47,11831800
292,2019-07-11,37.66,36.97,37.87,37.21,8549500
292,2019-07-12,37.37,37.17,37.9,37.84,8048700
292,2019-07-15,38,37.94,38.97,38.68,12738700
292,2019-07-16,38.78,37.82,38.79,37.99,10979600
292,2019-07-17,37.86,37.56,38.23,37.7,7926600
292,2019-07-18,37.39,37,37.8,37.66,11125900
292,2019-07-19,37.96,36.73,38.09,36.77,10842400
292,2019-07-22,36.92,36.83,37.69,37.58,8405600
292,2019-07-23,37.87,36.82,38.02,37.9,10741500
292,2019-07-24,38,37.76,38.8,38.73,12488500
292,2019-07-25,39,37.91,39.23,38.12,21255400
292,2019-07-26,40.07,40,42.33,41.52,57527600
292,2019-07-29,41.5,40.9,42.22,41.5,21170600
292,2019-07-30,41.08,40.82,41.72,41,15670600
292,2019-07-31,41.08,41.01,43.24,42.31,29745300
292,2019-08-01,42.54,41.72,43.48,42.08,22883600
292,2019-08-02,41.82,41.59,43.04,42.85,20617200
292,2019-08-05,41.58,39.62,42,40.37,23081000
292,2019-08-06,40.92,40.78,41.64,41.32,15077900
292,2019-08-07,40.51,40.33,41.9,41.73,15427600
292,2019-08-08,42.11,41.36,42.35,42.07,14684600
292,2019-08-09,41.78,40.94,41.97,41.53,11419600
292,2019-08-12,41.1,40.39,41.48,40.48,6934500
292,2019-08-13,40.41,40.38,41.86,41.81,12429900
292,2019-08-14,41.03,40.39,41.25,40.65,11638700
292,2019-08-15,40.9,39.78,41.05,40.09,12583100
292,2019-08-16,40.3,40.11,40.65,40.58,7998800
292,2019-08-19,41.1,41.05,41.88,41.7,10276500
292,2019-08-20,41.64,41.38,42.85,42.29,11356700
292,2019-08-21,42.83,42.36,43.28,42.8,12018600
292,2019-08-22,42.85,41.59,43.08,42.18,8277000
292,2019-08-23,41.82,40.81,42.69,41,14036200
292,2019-08-26,41.4,41,41.48,41.44,6403600
292,2019-08-27,42.01,41.53,42.69,42.14,16087500
292,2019-08-28,41.75,41.3,42.2,41.68,10418400
292,2019-08-29,42.25,41.82,42.65,42.49,10594400
292,2019-08-30,42.7,41.9,42.7,42.65,8863600
292,2019-09-03,42.38,41.64,43.77,41.96,16159600
292,2019-09-04,42.49,42.11,43.4,43.36,11567900
292,2019-09-05,43.78,43.62,45.33,45.3,19319800
292,2019-09-06,45.22,44.56,45.68,45.42,13108500
292,2019-09-09,45.6,43.84,45.86,44.26,14547400
292,2019-09-10,43.9,42.51,43.95,43.25,14040100
292,2019-09-11,43.55,43.05,43.78,43.25,7861200
292,2019-09-12,43.76,43.11,44.11,43.2,8251700
292,2019-09-13,43.15,42.33,43.2,42.63,8059600
292,2019-09-16,42.4,42.19,43.07,42.76,6187900
292,2019-09-17,42.9,42.88,43.59,43.24,8654400
292,2019-09-18,43.21,42.39,43.41,43.24,7845100
292,2019-09-19,43.19,42.68,43.58,42.93,7372600
292,2019-09-20,43.16,42.94,43.84,43.23,19372900
292,2019-09-23,43.29,42.85,44.09,43.38,9992400
292,2019-09-24,43.71,41.06,43.75,41.42,16120700
292,2019-09-25,41.51,41.18,42.78,42.5,9731600
292,2019-09-26,42.38,41.72,42.49,42.44,5951400
292,2019-09-27,42.5,40.61,42.67,41.35,11933700
292,2019-09-30,41.46,40.82,41.48,41.2,7541400
292,2019-10-01,41.32,40.03,41.57,40.25,9278800
292,2019-10-02,40.12,39.25,40.12,39.7,9306300
292,2019-10-03,39.59,38.61,40.16,40,13421400
292,2019-10-04,40.36,39.83,40.59,40.36,6283700
292,2019-10-07,40.24,40.06,40.87,40.8,6563700
292,2019-10-08,40.41,39.67,40.48,39.7,7304300
292,2019-10-09,39.99,39.22,40.1,39.5,8021300
292,2019-10-10,39.34,39.26,39.89,39.54,6718000
292,2019-10-11,39.89,39.81,40.7,40.36,9198900
292,2019-10-14,40.32,39.47,40.47,39.78,6393600
292,2019-10-15,39.56,39.35,40.4,40.28,7676700
292,2019-10-16,40.01,39.6,40.46,39.91,8324900
292,2019-10-17,40.12,39.41,40.15,39.61,7147100
292,2019-10-18,39.69,38.27,39.91,38.99,12582900
292,2019-10-21,39.35,39.31,40.29,40.09,9351100
292,2019-10-22,40.48,38.78,40.48,38.81,12817700
292,2019-10-23,38.99,37.76,39.45,38.83,20276200
292,2019-10-24,31.86,30.51,32.39,30.75,105112500
292,2019-10-25,30.87,29.92,31.04,30.3,43837200
292,2019-10-28,30.5,29.75,30.66,30.06,29893900
292,2019-10-29,30,29.82,30.36,29.85,20674800
292,2019-10-30,30.15,29.72,30.17,29.86,25518700
292,2019-10-31,29.47,28.84,29.98,29.97,36865100
292,2019-11-01,29.96,29.41,30.26,29.62,22716700
