sid,dat,tim,open_value,low,high,close_value,volume
146,2020-05-01,14:23:00,201.6,199.05,207.28,201.98,22109217
146,2020-05-01,14:24:00,201.6,199.05,207.28,202.252,22212864
146,2020-05-01,14:25:00,201.6,199.05,207.28,202.129,22278308
146,2020-05-01,14:26:00,201.6,199.05,207.28,201.89,22343247
146,2020-05-01,14:27:00,201.6,199.05,207.28,201.989,22384476
146,2020-05-01,14:28:00,201.6,199.05,207.28,201.88,22419169
146,2020-05-01,14:29:00,201.6,199.05,207.28,201.97,22441458
146,2020-05-01,14:30:00,201.6,199.05,207.28,201.975,22462306
146,2020-05-01,14:31:00,201.6,199.05,207.28,201.78,22519812
146,2020-05-01,14:32:00,201.6,199.05,207.28,201.87,22540629
146,2020-05-01,14:33:00,201.6,199.05,207.28,201.96,22562265
146,2020-05-01,14:34:00,201.6,199.05,207.28,201.87,22582490
146,2020-05-01,14:35:00,201.6,199.05,207.28,201.83,22614813
146,2020-05-01,14:36:00,201.6,199.05,207.28,201.75,22629808
146,2020-05-01,14:37:00,201.6,199.05,207.28,201.98,22654696
146,2020-05-01,14:38:00,201.6,199.05,207.28,202.01,22675636
146,2020-05-01,14:39:00,201.6,199.05,207.28,202.115,22717570
146,2020-05-01,14:40:00,201.6,199.05,207.28,202.11,22745736
146,2020-05-01,14:41:00,201.6,199.05,207.28,201.91,22803059
146,2020-05-01,14:42:00,201.6,199.05,207.28,201.61,22852868
146,2020-05-01,14:43:00,201.6,199.05,207.28,201.529,22940076
146,2020-05-01,14:44:00,201.6,199.05,207.28,201.31,22980494
146,2020-05-01,14:45:00,201.6,199.05,207.28,201.391,23019056
146,2020-05-01,14:46:00,201.6,199.05,207.28,201.34,23069289
146,2020-05-01,14:47:00,201.6,199.05,207.28,201.34,23099625
146,2020-05-01,14:48:00,201.6,199.05,207.28,201.56,23142402
146,2020-05-01,14:49:00,201.6,199.05,207.28,201.6,23165721
146,2020-05-01,14:50:00,201.6,199.05,207.28,201.62,23202280
146,2020-05-01,14:51:00,201.6,199.05,207.28,201.42,23233195
146,2020-05-01,14:52:00,201.6,199.05,207.28,201.3,23269334
146,2020-05-01,14:53:00,201.6,199.05,207.28,201.43,23306532
146,2020-05-04,10:00:00,200.2,198.76,203.64,203.095,3636192
146,2020-05-04,10:01:00,200.2,198.76,203.64,203.185,3700626
146,2020-05-04,10:02:00,200.2,198.76,203.64,203.375,3748076
146,2020-05-04,10:03:00,200.2,198.76,203.67,203.5,3798666
146,2020-05-04,10:04:00,200.2,198.76,203.98,203.937,3873952
146,2020-05-04,10:05:00,200.2,198.76,204.11,203.85,3959193
146,2020-05-04,10:06:00,200.2,198.76,204.11,203.985,4027890
146,2020-05-04,10:07:00,200.2,198.76,204.22,204.08,4079091
146,2020-05-04,10:08:00,200.2,198.76,204.22,203.95,4149418
146,2020-05-04,10:09:00,200.2,198.76,204.22,203.94,4186962
146,2020-05-04,10:10:00,200.2,198.76,204.22,204.16,4236791
146,2020-05-04,10:11:00,200.2,198.76,204.22,203.875,4276885
146,2020-05-04,10:12:00,200.2,198.76,204.27,204.19,4350118
146,2020-05-04,10:13:00,200.2,198.76,204.52,204.405,4420023
146,2020-05-04,10:14:00,200.2,198.76,204.52,204.26,4454527
146,2020-05-04,10:15:00,200.2,198.76,204.52,204.18,4506439
146,2020-05-04,10:16:00,200.2,198.76,204.52,204.295,4551682
146,2020-05-04,10:17:00,200.2,198.76,204.9,204.883,4614363
146,2020-05-04,10:18:00,200.2,198.76,205,204.96,4682062
146,2020-05-04,10:19:00,200.2,198.76,205,204.915,4738521
146,2020-05-04,10:20:00,200.2,198.76,205,204.445,4795374
146,2020-05-04,10:21:00,200.2,198.76,205,204.32,4835409
146,2020-05-04,10:22:00,200.2,198.76,205,204.13,4882448
146,2020-05-04,10:23:00,200.2,198.76,205,204.38,4932959
146,2020-05-04,10:24:00,200.2,198.76,205,204.11,4974834
146,2020-05-04,10:25:00,200.2,198.76,205,203.945,5028780
146,2020-05-04,10:26:00,200.2,198.76,205,204.025,5102518
146,2020-05-04,10:27:00,200.2,198.76,205,203.78,5160089
146,2020-05-04,10:28:00,200.2,198.76,205,203.94,5210968
146,2020-05-04,10:29:00,200.2,198.76,205,203.548,5260503
146,2020-05-04,10:30:00,200.2,198.76,205,203.74,5307473
146,2020-05-04,10:31:00,200.2,198.76,205,203.75,5334123
146,2020-05-04,10:32:00,200.2,198.76,205,203.63,5356393
146,2020-05-04,10:33:00,200.2,198.76,205,203.46,5396181
146,2020-05-04,10:34:00,200.2,198.76,205,203.465,5430714
146,2020-05-04,10:35:00,200.2,198.76,205,203.596,5467830
146,2020-05-04,10:36:00,200.2,198.76,205,203.57,5493372
146,2020-05-04,10:37:00,200.2,198.76,205,203.115,5536716
146,2020-05-04,10:38:00,200.2,198.76,205,203.23,5582033
146,2020-05-04,10:39:00,200.2,198.76,205,203.22,5604163
146,2020-05-04,10:40:00,200.2,198.76,205,203.345,5627031
146,2020-05-04,10:41:00,200.2,198.76,205,203.73,5673428
146,2020-05-04,10:42:00,200.2,198.76,205,203.9,5730757
146,2020-05-04,10:43:00,200.2,198.76,205,203.86,5761002
146,2020-05-04,10:44:00,200.2,198.76,205,204.16,5804402
146,2020-05-04,10:45:00,200.2,198.76,205,204.15,5843445
146,2020-05-04,10:46:00,200.2,198.76,205,204.2,5892596
146,2020-05-04,10:47:00,200.2,198.76,205,203.945,5926572
146,2020-05-04,10:48:00,200.2,198.76,205,203.85,5954415
146,2020-05-04,10:49:00,200.2,198.76,205,203.84,5971605
146,2020-05-04,10:50:00,200.2,198.76,205,203.77,6002998
146,2020-05-04,10:51:00,200.2,198.76,205,203.54,6037406
146,2020-05-04,10:52:00,200.2,198.76,205,203.3,6082135
146,2020-05-04,10:53:00,200.2,198.76,205,203.18,6127966
146,2020-05-04,10:54:00,200.2,198.76,205,203.35,6174667
146,2020-05-04,10:55:00,200.2,198.76,205,203.395,6208687
146,2020-05-04,10:56:00,200.2,198.76,205,203.38,6238873
146,2020-05-04,10:57:00,200.2,198.76,205,203.41,6261165
146,2020-05-04,10:58:00,200.2,198.76,205,203.37,6288390
146,2020-05-04,10:59:00,200.2,198.76,205,203.37,6317427
146,2020-05-04,11:00:00,200.2,198.76,205,202.98,6362902
146,2020-05-04,11:01:00,200.2,198.76,205,203.08,6402511
146,2020-05-04,11:02:00,200.2,198.76,205,203.28,6425139
146,2020-05-04,11:03:00,200.2,198.76,205,203.4,6446190
146,2020-05-04,11:04:00,200.2,198.76,205,203.428,6470911
146,2020-05-04,11:05:00,200.2,198.76,205,203.39,6494179
146,2020-05-04,11:06:00,200.2,198.76,205,203.64,6530391
146,2020-05-04,11:07:00,200.2,198.76,205,203.646,6552849
146,2020-05-04,11:08:00,200.2,198.76,205,203.58,6595664
146,2020-05-04,11:09:00,200.2,198.76,205,203.555,6623406
146,2020-05-04,11:10:00,200.2,198.76,205,203.46,6653043
146,2020-05-04,11:11:00,200.2,198.76,205,203.48,6684330
146,2020-05-04,11:12:00,200.2,198.76,205,203.64,6705290
146,2020-05-04,11:13:00,200.2,198.76,205,203.825,6743149
146,2020-05-04,11:14:00,200.2,198.76,205,203.62,6789010
146,2020-05-04,11:15:00,200.2,198.76,205,203.68,6813436
146,2020-05-04,11:16:00,200.2,198.76,205,203.68,6807478
146,2020-05-04,11:17:00,200.2,198.76,205,203.68,6807478
146,2020-05-04,11:18:00,200.2,198.76,205,204.092,6831971
146,2020-05-04,11:19:00,200.2,198.76,205,204.07,7004867
146,2020-05-04,11:20:00,200.2,198.76,205,204.2,7044788
146,2020-05-04,11:21:00,200.2,198.76,205,204.03,7091593
146,2020-05-04,11:22:00,200.2,198.76,205,203.89,7134038
146,2020-05-04,11:23:00,200.2,198.76,205,203.64,7167528
146,2020-05-04,11:24:00,200.2,198.76,205,203.964,7206872
146,2020-05-04,11:25:00,200.2,198.76,205,204.08,7244767
146,2020-05-04,11:26:00,200.2,198.76,205,203.93,7267661
146,2020-05-04,11:27:00,200.2,198.76,205,203.461,7309765
146,2020-05-04,11:28:00,200.2,198.76,205,203.3,7349690
146,2020-05-04,11:29:00,200.2,198.76,205,203.39,7374715
146,2020-05-04,11:30:00,200.2,198.76,205,203.29,7400331
146,2020-05-04,11:31:00,200.2,198.76,205,203.5,7440388
146,2020-05-04,11:32:00,200.2,198.76,205,203.545,7472559
146,2020-05-04,11:33:00,200.2,198.76,205,203.4,7496928
146,2020-05-04,11:34:00,200.2,198.76,205,203.265,7522689
146,2020-05-04,11:35:00,200.2,198.76,205,203.35,7556211
146,2020-05-04,11:36:00,200.2,198.76,205,203.8,7601366
146,2020-05-04,11:37:00,200.2,198.76,205,204.002,7641042
146,2020-05-04,11:38:00,200.2,198.76,205,204.135,7684013
146,2020-05-04,11:39:00,200.2,198.76,205,203.98,7717533
146,2020-05-04,11:40:00,200.2,198.76,205,204.12,7750894
146,2020-05-04,11:41:00,200.2,198.76,205,204.25,7827658
146,2020-05-04,11:42:00,200.2,198.76,205,204.15,7852353
146,2020-05-04,11:43:00,200.2,198.76,205,204.145,7874722
146,2020-05-04,11:44:00,200.2,198.76,205,204.37,7912026
146,2020-05-04,11:45:00,200.2,198.76,205,204.45,7954753
146,2020-05-04,11:46:00,200.2,198.76,205,204.6,8009369
146,2020-05-04,11:47:00,200.2,198.76,205,204.43,8038094
146,2020-05-04,11:48:00,200.2,198.76,205,204.377,8057639
146,2020-05-04,11:49:00,200.2,198.76,205,204.377,8057639
146,2020-05-04,11:50:00,200.2,198.76,205,204.377,8109576
146,2020-05-04,11:51:00,200.2,198.76,205,204.345,8156806
146,2020-05-04,11:52:00,200.2,198.76,205,204.33,8169443
146,2020-05-04,11:53:00,200.2,198.76,205,204.19,8201262
146,2020-05-04,11:54:00,200.2,198.76,205,204.16,8221691
146,2020-05-04,11:55:00,200.2,198.76,205,203.98,8243026
146,2020-05-04,11:56:00,200.2,198.76,205,203.825,8275700
146,2020-05-04,11:57:00,200.2,198.76,205,203.925,8313494
146,2020-05-04,11:58:00,200.2,198.76,205,203.88,8338243
146,2020-05-04,11:59:00,200.2,198.76,205,203.7,8372089
146,2020-05-04,12:00:00,200.2,198.76,205,203.69,8393758
146,2020-05-04,12:01:00,200.2,198.76,205,203.914,8422165
146,2020-05-04,12:02:00,200.2,198.76,205,204.12,8453503
146,2020-05-04,12:03:00,200.2,198.76,205,204.066,8477686
146,2020-05-04,12:04:00,200.2,198.76,205,203.9,8493057
146,2020-05-04,12:05:00,200.2,198.76,205,203.86,8508825
146,2020-05-04,12:06:00,200.2,198.76,205,203.73,8523204
146,2020-05-04,12:07:00,200.2,198.76,205,203.56,8551042
146,2020-05-04,12:08:00,200.2,198.76,205,203.45,8588141
146,2020-05-04,12:09:00,200.2,198.76,205,203.525,8614024
146,2020-05-04,12:10:00,200.2,198.76,205,203.796,8655251
146,2020-05-04,12:11:00,200.2,198.76,205,203.86,8694853
146,2020-05-04,12:12:00,200.2,198.76,205,203.55,8721617
146,2020-05-04,12:13:00,200.2,198.76,205,203.63,8745031
146,2020-05-04,12:14:00,200.2,198.76,205,203.35,8775339
146,2020-05-04,12:15:00,200.2,198.76,205,203.425,8815417
146,2020-05-04,12:16:00,200.2,198.76,205,203.53,8835385
146,2020-05-04,12:17:00,200.2,198.76,205,203.42,8865445
146,2020-05-04,12:18:00,200.2,198.76,205,203.53,8891252
146,2020-05-04,12:19:00,200.2,198.76,205,203.625,8926364
146,2020-05-04,12:20:00,200.2,198.76,205,203.36,8959985
146,2020-05-04,12:21:00,200.2,198.76,205,203.54,8978247
146,2020-05-04,12:22:00,200.2,198.76,205,203.505,8997270
146,2020-05-04,12:23:00,200.2,198.76,205,203.49,9017579
146,2020-05-04,12:24:00,200.2,198.76,205,203.5,9044318
146,2020-05-04,12:25:00,200.2,198.76,205,203.55,9067702
146,2020-05-04,12:26:00,200.2,198.76,205,203.56,9097688
146,2020-05-04,12:27:00,200.2,198.76,205,203.43,9119146
146,2020-05-04,12:28:00,200.2,198.76,205,203.49,9135102
146,2020-05-04,12:29:00,200.2,198.76,205,203.57,9156635
146,2020-05-04,12:30:00,200.2,198.76,205,203.54,9184322
146,2020-05-04,12:31:00,200.2,198.76,205,203.49,9198846
146,2020-05-04,12:32:00,200.2,198.76,205,203.41,9218195
146,2020-05-04,12:33:00,200.2,198.76,205,203.2,9259934
146,2020-05-04,12:34:00,200.2,198.76,205,203.16,9286895
146,2020-05-04,12:35:00,200.2,198.76,205,203.18,9308640
146,2020-05-04,12:36:00,200.2,198.76,205,203.05,9367889
146,2020-05-04,12:37:00,200.2,198.76,205,202.95,9385196
146,2020-05-04,12:38:00,200.2,198.76,205,202.98,9411733
146,2020-05-04,12:39:00,200.2,198.76,205,202.91,9426675
146,2020-05-04,12:40:00,200.2,198.76,205,203,9452122
146,2020-05-04,12:41:00,200.2,198.76,205,203.03,9490567
146,2020-05-04,12:42:00,200.2,198.76,205,202.924,9532595
146,2020-05-04,12:43:00,200.2,198.76,205,203.035,9562640
146,2020-05-04,12:44:00,200.2,198.76,205,203.18,9592048
146,2020-05-04,12:45:00,200.2,198.76,205,203.32,9632726
146,2020-05-04,12:46:00,200.2,198.76,205,203.3,9650748
146,2020-05-04,12:47:00,200.2,198.76,205,203.263,9669723
146,2020-05-04,12:48:00,200.2,198.76,205,203.335,9685634
146,2020-05-04,12:49:00,200.2,198.76,205,203.29,9707220
146,2020-05-04,12:50:00,200.2,198.76,205,203.23,9721901
146,2020-05-04,12:51:00,200.2,198.76,205,203.15,9741503
146,2020-05-04,12:52:00,200.2,198.76,205,203.17,9756450
146,2020-05-04,12:53:00,200.2,198.76,205,203.29,9778495
146,2020-05-04,12:54:00,200.2,198.76,205,203.23,9801812
146,2020-05-04,12:55:00,200.2,198.76,205,203.117,9822198
146,2020-05-04,12:56:00,200.2,198.76,205,203.229,9852956
146,2020-05-04,12:57:00,200.2,198.76,205,203.189,9867405
146,2020-05-04,12:58:00,200.2,198.76,205,203.19,9885150
146,2020-05-04,12:59:00,200.2,198.76,205,203.16,9906979
146,2020-05-04,13:00:00,200.2,198.76,205,203.21,9917522
146,2020-05-04,13:01:00,200.2,198.76,205,203.126,9944762
146,2020-05-04,13:02:00,200.2,198.76,205,203.21,9964543
146,2020-05-04,13:03:00,200.2,198.76,205,203.33,9985625
146,2020-05-04,13:04:00,200.2,198.76,205,203.4,10012626
146,2020-05-04,13:05:00,200.2,198.76,205,203.37,10029253
146,2020-05-04,13:06:00,200.2,198.76,205,203.38,10049213
146,2020-05-04,13:07:00,200.2,198.76,205,203.34,10065881
146,2020-05-04,13:08:00,200.2,198.76,205,203.33,10083944
146,2020-05-04,13:09:00,200.2,198.76,205,203.32,10104735
146,2020-05-04,13:10:00,200.2,198.76,205,203.42,10126568
146,2020-05-04,13:11:00,200.2,198.76,205,203.07,10158027
146,2020-05-04,13:12:00,200.2,198.76,205,202.75,10201232
146,2020-05-04,13:13:00,200.2,198.76,205,202.75,10230123
146,2020-05-04,13:14:00,200.2,198.76,205,202.92,10251612
146,2020-05-04,13:15:00,200.2,198.76,205,202.92,10285049
146,2020-05-04,13:16:00,200.2,198.76,205,202.88,10309327
146,2020-05-04,13:17:00,200.2,198.76,205,202.68,10337370
146,2020-05-04,13:18:00,200.2,198.76,205,202.52,10389845
146,2020-05-04,13:19:00,200.2,198.76,205,202.68,10413908
146,2020-05-04,13:20:00,200.2,198.76,205,202.73,10440656
146,2020-05-04,13:21:00,200.2,198.76,205,202.74,10468303
146,2020-05-04,13:22:00,200.2,198.76,205,202.72,10482193
146,2020-05-04,13:23:00,200.2,198.76,205,202.666,10502255
146,2020-05-04,13:24:00,200.2,198.76,205,202.62,10522560
146,2020-05-04,13:25:00,200.2,198.76,205,202.762,10545209
146,2020-05-04,13:26:00,200.2,198.76,205,202.59,10569317
146,2020-05-04,13:27:00,200.2,198.76,205,202.65,10597118
146,2020-05-04,13:28:00,200.2,198.76,205,202.68,10619840
146,2020-05-04,13:29:00,200.2,198.76,205,202.55,10647066
146,2020-05-04,13:30:00,200.2,198.76,205,202.45,10685773
146,2020-05-04,13:31:00,200.2,198.76,205,202.51,10707192
146,2020-05-04,13:32:00,200.2,198.76,205,202.52,10730978
146,2020-05-04,13:33:00,200.2,198.76,205,202.69,10746086
146,2020-05-04,13:34:00,200.2,198.76,205,202.85,10790715
146,2020-05-04,13:35:00,200.2,198.76,205,202.78,10806785
146,2020-05-04,13:36:00,200.2,198.76,205,202.84,10821704
146,2020-05-04,13:37:00,200.2,198.76,205,202.745,10834866
146,2020-05-04,13:38:00,200.2,198.76,205,202.659,10849234
146,2020-05-04,13:39:00,200.2,198.76,205,202.775,10868487
146,2020-05-04,13:40:00,200.2,198.76,205,202.8,10882881
146,2020-05-04,13:41:00,200.2,198.76,205,202.702,10900824
146,2020-05-04,13:42:00,200.2,198.76,205,202.86,10910430
146,2020-05-04,13:43:00,200.2,198.76,205,202.8,10925571
146,2020-05-04,13:44:00,200.2,198.76,205,202.66,10950202
146,2020-05-04,13:45:00,200.2,198.76,205,202.68,10967697
146,2020-05-04,13:46:00,200.2,198.76,205,202.67,10982139
146,2020-05-04,13:47:00,200.2,198.76,205,202.61,11023856
146,2020-05-04,13:48:00,200.2,198.76,205,202.71,11039141
146,2020-05-04,13:49:00,200.2,198.76,205,202.7,11063569
146,2020-05-04,13:50:00,200.2,198.76,205,202.867,11078152
146,2020-05-04,13:51:00,200.2,198.76,205,202.86,11089788
146,2020-05-04,13:52:00,200.2,198.76,205,203.02,11109940
146,2020-05-04,13:53:00,200.2,198.76,205,203.06,11171065
146,2020-05-04,13:54:00,200.2,198.76,205,203.04,11185002
146,2020-05-04,13:55:00,200.2,198.76,205,202.94,11204238
146,2020-05-04,13:56:00,200.2,198.76,205,203.02,11222449
146,2020-05-04,13:57:00,200.2,198.76,205,203.01,11238020
146,2020-05-04,13:58:00,200.2,198.76,205,203.015,11254545
146,2020-05-04,13:59:00,200.2,198.76,205,202.95,11266752
146,2020-05-04,14:00:00,200.2,198.76,205,203.05,11286999
146,2020-05-04,14:01:00,200.2,198.76,205,203,11306100
146,2020-05-04,14:02:00,200.2,198.76,205,202.99,11326134
146,2020-05-04,14:03:00,200.2,198.76,205,202.807,11349417
146,2020-05-04,14:04:00,200.2,198.76,205,202.67,11368764
146,2020-05-04,14:05:00,200.2,198.76,205,202.676,11383430
146,2020-05-04,14:06:00,200.2,198.76,205,202.615,11423800
146,2020-05-04,14:07:00,200.2,198.76,205,202.549,11444571
146,2020-05-04,14:08:00,200.2,198.76,205,202.64,11463061
146,2020-05-04,14:09:00,200.2,198.76,205,202.626,11491426
146,2020-05-04,14:10:00,200.2,198.76,205,202.65,11514079
146,2020-05-04,14:11:00,200.2,198.76,205,202.83,11530864
146,2020-05-04,14:12:00,200.2,198.76,205,203.13,11560773
146,2020-05-04,14:13:00,200.2,198.76,205,203.35,11607345
146,2020-05-04,14:14:00,200.2,198.76,205,203.295,11636460
146,2020-05-04,14:15:00,200.2,198.76,205,203.253,11655582
146,2020-05-04,14:16:00,200.2,198.76,205,203.33,11672573
146,2020-05-04,14:17:00,200.2,198.76,205,203.29,11696033
146,2020-05-04,14:18:00,200.2,198.76,205,203.435,11722756
146,2020-05-04,14:19:00,200.2,198.76,205,203.435,11748869
146,2020-05-04,14:20:00,200.2,198.76,205,203.52,11777379
146,2020-05-04,14:21:00,200.2,198.76,205,203.45,11802041
146,2020-05-04,14:22:00,200.2,198.76,205,203.5,11820810
146,2020-05-04,14:23:00,200.2,198.76,205,203.57,11859142
146,2020-05-04,14:24:00,200.2,198.76,205,203.597,11895757
146,2020-05-04,14:25:00,200.2,198.76,205,203.52,11918973
146,2020-05-04,14:26:00,200.2,198.76,205,203.52,11965399
146,2020-05-04,14:27:00,200.2,198.76,205,203.665,11993601
146,2020-05-04,14:28:00,200.2,198.76,205,203.73,12016013
146,2020-05-04,14:29:00,200.2,198.76,205,203.705,12054417
146,2020-05-04,14:30:00,200.2,198.76,205,203.91,12085608
146,2020-05-04,14:31:00,200.2,198.76,205,203.94,12163930
146,2020-05-04,14:32:00,200.2,198.76,205,203.97,12254099
146,2020-05-04,14:33:00,200.2,198.76,205,204.14,12294843
146,2020-05-04,14:34:00,200.2,198.76,205,204.05,12332222
146,2020-05-04,14:35:00,200.2,198.76,205,203.785,12384697
146,2020-05-04,14:36:00,200.2,198.76,205,203.74,12414531
146,2020-05-04,14:37:00,200.2,198.76,205,203.91,12457808
146,2020-05-04,14:38:00,200.2,198.76,205,203.97,12490158
146,2020-05-04,14:39:00,200.2,198.76,205,203.95,12524239
146,2020-05-04,14:40:00,200.2,198.76,205,203.84,12554953
146,2020-05-04,14:41:00,200.2,198.76,205,203.83,12583904
146,2020-05-04,14:42:00,200.2,198.76,205,204,12606924
146,2020-05-04,14:43:00,200.2,198.76,205,204.18,12651775
146,2020-05-04,14:44:00,200.2,198.76,205,204.16,12710398
146,2020-05-04,14:45:00,200.2,198.76,205,204.02,12748495
146,2020-05-04,14:46:00,200.2,198.76,205,204.21,12793234
146,2020-05-04,14:47:00,200.2,198.76,205,204.29,12820704
146,2020-05-04,14:48:00,200.2,198.76,205,204.32,12871210
146,2020-05-04,14:49:00,200.2,198.76,205,204.26,12915662
146,2020-05-04,14:50:00,200.2,198.76,205,204.24,12950601
146,2020-05-04,14:51:00,200.2,198.76,205,204.45,13006888
146,2020-05-04,14:52:00,200.2,198.76,205,204.51,13061167
146,2020-05-04,14:55:00,200.2,198.76,205,204.69,13177955
146,2020-05-04,14:56:00,200.2,198.76,205,204.63,13206120
146,2020-05-04,14:57:00,200.2,198.76,205,204.6,13234721
146,2020-05-04,14:58:00,200.2,198.76,205,204.64,13269900
146,2020-05-04,14:59:00,200.2,198.76,205,204.77,13332047
146,2020-05-04,15:00:00,200.2,198.76,205,204.78,13409918
146,2020-05-04,15:01:00,200.2,198.76,205,204.86,13465114
146,2020-05-04,15:02:00,200.2,198.76,205,204.89,13519114
146,2020-05-04,15:03:00,200.2,198.76,205,204.91,13567678
146,2020-05-04,15:04:00,200.2,198.76,205,204.83,13612139
146,2020-05-04,15:05:00,200.2,198.76,205,204.945,13658483
146,2020-05-04,15:06:00,200.2,198.76,205,204.79,13703513
146,2020-05-04,15:07:00,200.2,198.76,205,204.77,13741440
146,2020-05-04,15:08:00,200.2,198.76,205,204.8,13798492
146,2020-05-04,15:09:00,200.2,198.76,205,204.91,13834788
146,2020-05-04,15:10:00,200.2,198.76,205.09,205.048,14015148
146,2020-05-04,15:11:00,200.2,198.76,205.22,205.165,14099398
146,2020-05-04,15:12:00,200.2,198.76,205.3,205.21,14169479
146,2020-05-04,15:13:00,200.2,198.76,205.4,205.35,14247601
146,2020-05-04,15:14:00,200.2,198.76,205.4,205.081,14305915
146,2020-05-04,15:15:00,200.2,198.76,205.4,205.18,14344818
146,2020-05-04,15:16:00,200.2,198.76,205.4,205.19,14376742
146,2020-05-04,15:17:00,200.2,198.76,205.41,205.27,14425028
146,2020-05-04,15:18:00,200.2,198.76,205.41,205.33,14465227
146,2020-05-04,15:19:00,200.2,198.76,205.41,205.25,14500587
146,2020-05-04,15:20:00,200.2,198.76,205.41,205.14,14547436
146,2020-05-04,15:21:00,200.2,198.76,205.45,205.41,14606981
146,2020-05-04,15:22:00,200.2,198.76,205.56,205.54,14698161
146,2020-05-04,15:23:00,200.2,198.76,205.56,205.507,14730773
146,2020-05-04,15:24:00,200.2,198.76,205.57,205.485,14757226
146,2020-05-04,15:25:00,200.2,198.76,205.57,205.38,14780964
146,2020-05-04,15:26:00,200.2,198.76,205.57,205.24,14841511
146,2020-05-04,15:27:00,200.2,198.76,205.57,204.99,14891058
146,2020-05-04,15:28:00,200.2,198.76,205.57,205.06,14924794
146,2020-05-04,15:29:00,200.2,198.76,205.57,205.33,14982567
146,2020-05-04,15:30:00,200.2,198.76,205.57,205.116,15038356
146,2020-05-04,15:31:00,200.2,198.76,205.57,205.048,15068375
146,2020-05-04,15:32:00,200.2,198.76,205.57,205.06,15110649
146,2020-05-04,15:33:00,200.2,198.76,205.57,205.2,15164019
146,2020-05-04,15:34:00,200.2,198.76,205.57,205.17,15204806
146,2020-05-04,15:35:00,200.2,198.76,205.57,205.252,15252401
146,2020-05-04,15:36:00,200.2,198.76,205.57,205.2,15297302
146,2020-05-04,15:37:00,200.2,198.76,205.57,205.29,15352465
146,2020-05-04,15:38:00,200.2,198.76,205.57,205.21,15389853
146,2020-05-04,15:39:00,200.2,198.76,205.57,205.13,15444441
146,2020-05-04,15:40:00,200.2,198.76,205.57,205.1,15482124
146,2020-05-04,15:41:00,200.2,198.76,205.57,205.13,15532057
146,2020-05-04,15:42:00,200.2,198.76,205.57,205.2,15560135
146,2020-05-04,15:43:00,200.2,198.76,205.57,205.275,15609779
146,2020-05-04,15:44:00,200.2,198.76,205.57,205.405,15689965
146,2020-05-04,15:45:00,200.2,198.76,205.57,205.44,15735738
146,2020-05-04,15:46:00,200.2,198.76,205.57,205.42,15786696
146,2020-05-04,15:47:00,200.2,198.76,205.57,205.47,15844800
146,2020-05-04,15:48:00,200.2,198.76,205.57,205.27,15877946
146,2020-05-04,15:49:00,200.2,198.76,205.57,205.13,15922346
146,2020-05-04,15:50:00,200.2,198.76,205.57,205.07,15963276
146,2020-05-04,15:51:00,200.2,198.76,205.57,204.51,16179971
146,2020-05-04,15:53:00,200.2,198.76,205.57,204.478,16207503
146,2020-05-04,15:54:00,200.2,198.76,205.57,204.219,16305360
146,2020-05-04,15:55:00,200.2,198.76,205.57,204.51,16434697
146,2020-05-04,15:56:00,200.2,198.76,205.57,204.78,16496722
146,2020-05-04,15:57:00,200.2,198.76,205.57,204.81,16608937
146,2020-05-04,15:58:00,200.2,198.76,205.57,205.17,16779317
146,2020-05-04,15:59:00,200.2,198.76,205.57,205.33,16813332
146,2020-05-05,10:00:00,207.02,206.76,209.08,208.78,2871095
146,2020-05-05,10:01:00,207.02,206.76,209.08,209.02,2962738
146,2020-05-05,10:02:00,207.02,206.76,209.19,209.05,3048444
146,2020-05-05,10:03:00,207.02,206.76,209.19,209.06,3123117
146,2020-05-05,10:04:00,207.02,206.76,209.19,209.14,3190904
146,2020-05-05,10:05:00,207.02,206.76,209.3,209.23,3281977
146,2020-05-05,10:06:00,207.02,206.76,209.3,209.12,3406249
146,2020-05-05,10:07:00,207.02,206.76,209.38,209.25,3526849
146,2020-05-05,10:08:00,207.02,206.76,209.48,209.455,3582867
146,2020-05-05,10:09:00,207.02,206.76,209.48,209.36,3640053
146,2020-05-05,10:10:00,207.02,206.76,209.62,209.525,3754153
146,2020-05-05,10:11:00,207.02,206.76,209.62,209.32,3836725
146,2020-05-05,10:12:00,207.02,206.76,209.62,209.34,3898724
146,2020-05-05,10:13:00,207.02,206.76,209.62,209.24,3949943
146,2020-05-05,10:14:00,207.02,206.76,209.62,209.074,3998496
146,2020-05-05,10:15:00,207.02,206.76,209.62,208.69,4084922
146,2020-05-05,10:16:00,207.02,206.76,209.62,208.559,4140062
146,2020-05-05,10:17:00,207.02,206.76,209.62,208.66,4211960
146,2020-05-05,10:18:00,207.02,206.76,209.62,208.31,4260426
146,2020-05-05,10:19:00,207.02,206.76,209.62,208.46,4306758
146,2020-05-05,10:20:00,207.02,206.76,209.62,208.68,4380711
146,2020-05-05,10:21:00,207.02,206.76,209.62,208.88,4462761
146,2020-05-05,10:22:00,207.02,206.76,209.62,208.8,4512982
146,2020-05-05,10:23:00,207.02,206.76,209.62,208.89,4560488
146,2020-05-05,10:24:00,207.02,206.76,209.62,209.03,4623718
146,2020-05-05,10:25:00,207.02,206.76,209.62,208.89,4694726
146,2020-05-05,10:26:00,207.02,206.76,209.62,208.86,4744408
146,2020-05-05,10:27:00,207.02,206.76,209.62,208.87,4807032
146,2020-05-05,10:28:00,207.02,206.76,209.62,208.88,4836351
146,2020-05-05,10:29:00,207.02,206.76,209.62,208.805,4885511
146,2020-05-05,10:30:00,207.02,206.76,209.62,208.915,4921863
146,2020-05-05,10:31:00,207.02,206.76,209.62,208.947,4983846
146,2020-05-05,10:32:00,207.02,206.76,209.62,209.279,5049712
146,2020-05-05,10:33:00,207.02,206.76,209.62,209.31,5121903
146,2020-05-05,10:34:00,207.02,206.76,209.62,209.3,5176766
146,2020-05-05,10:35:00,207.02,206.76,209.62,209.25,5257478
146,2020-05-05,10:36:00,207.02,206.76,209.62,209.45,5340544
146,2020-05-05,10:37:00,207.02,206.76,209.62,209.4,5415943
146,2020-05-05,10:38:00,207.02,206.76,209.62,209.43,5467676
146,2020-05-05,10:39:00,207.02,206.76,209.62,209.38,5517446
146,2020-05-05,10:40:00,207.02,206.76,209.62,209.56,5583532
146,2020-05-05,10:41:00,207.02,206.76,209.62,209.168,5668080
146,2020-05-05,10:42:00,207.02,206.76,209.62,208.935,5733008
146,2020-05-05,10:43:00,207.02,206.76,209.62,208.99,5779130
146,2020-05-05,10:44:00,207.02,206.76,209.62,209.41,5865081
146,2020-05-05,10:45:00,207.02,206.76,209.62,209.34,5961858
146,2020-05-05,10:46:00,207.02,206.76,209.62,209.37,6014296
146,2020-05-05,10:47:00,207.02,206.76,209.62,209.33,6071168
146,2020-05-05,10:48:00,207.02,206.76,209.62,209.3,6122315
146,2020-05-05,10:49:00,207.02,206.76,209.62,209.264,6150717
146,2020-05-05,10:50:00,207.02,206.76,209.62,209.17,6189834
146,2020-05-05,10:51:00,207.02,206.76,209.62,209.29,6225136
146,2020-05-05,10:52:00,207.02,206.76,209.84,209.84,6370355
146,2020-05-05,10:53:00,207.02,206.76,209.88,209.82,6500422
146,2020-05-05,10:54:00,207.02,206.76,209.98,209.97,6620667
146,2020-05-05,10:55:00,207.02,206.76,210.15,210.08,7078075
146,2020-05-05,10:56:00,207.02,206.76,210.31,210.295,7190866
146,2020-05-05,10:57:00,207.02,206.76,210.38,210.25,7304632
146,2020-05-05,10:58:00,207.02,206.76,210.38,210.039,7394317
146,2020-05-05,10:59:00,207.02,206.76,210.38,210.03,7466860
146,2020-05-05,11:00:00,207.02,206.76,210.38,210,7520337
146,2020-05-05,11:01:00,207.02,206.76,210.38,209.91,7614432
146,2020-05-05,11:02:00,207.02,206.76,210.38,210.028,7676988
146,2020-05-05,11:03:00,207.02,206.76,210.38,209.7,7750731
146,2020-05-05,11:04:00,207.02,206.76,210.38,209.965,7796558
146,2020-05-05,11:05:00,207.02,206.76,210.38,210.03,7859241
146,2020-05-05,11:06:00,207.02,206.76,210.38,209.875,7910557
146,2020-05-05,11:07:00,207.02,206.76,210.38,210.215,7976859
146,2020-05-05,11:08:00,207.02,206.76,210.38,210.17,8047649
146,2020-05-05,11:09:00,207.02,206.76,210.38,210.15,8113042
146,2020-05-05,11:10:00,207.02,206.76,210.38,209.9,8166445
146,2020-05-05,11:11:00,207.02,206.76,210.38,209.84,8224076
146,2020-05-05,11:12:00,207.02,206.76,210.38,209.79,8288498
146,2020-05-05,11:13:00,207.02,206.76,210.38,209.815,8339909
146,2020-05-05,11:14:00,207.02,206.76,210.38,209.825,8383022
146,2020-05-05,11:15:00,207.02,206.76,210.38,209.605,8481601
146,2020-05-05,11:16:00,207.02,206.76,210.38,209.85,8522208
146,2020-05-05,11:17:00,207.02,206.76,210.38,209.9,8584305
146,2020-05-05,11:18:00,207.02,206.76,210.38,209.805,8647846
146,2020-05-05,11:19:00,207.02,206.76,210.38,209.92,8710728
146,2020-05-05,11:20:00,207.02,206.76,210.38,209.75,8771391
146,2020-05-05,11:21:00,207.02,206.76,210.38,209.76,8802701
146,2020-05-05,11:22:00,207.02,206.76,210.38,209.93,8846173
146,2020-05-05,11:23:00,207.02,206.76,210.38,210.115,8930291
146,2020-05-05,11:24:00,207.02,206.76,210.38,210.18,9012123
146,2020-05-05,11:25:00,207.02,206.76,210.38,210.27,9067048
146,2020-05-05,11:26:00,207.02,206.76,210.38,210.06,9141575
146,2020-05-05,11:27:00,207.02,206.76,210.38,210,9190094
146,2020-05-05,11:28:00,207.02,206.76,210.38,210,9235544
146,2020-05-05,11:29:00,207.02,206.76,210.38,209.93,9270907
146,2020-05-05,11:30:00,207.02,206.76,210.38,210.07,9312103
146,2020-05-05,11:31:00,207.02,206.76,210.38,210.063,9368129
146,2020-05-05,11:32:00,207.02,206.76,210.38,209.911,9422350
146,2020-05-05,11:33:00,207.02,206.76,210.38,210,9463657
146,2020-05-05,11:34:00,207.02,206.76,210.38,210.02,9494474
146,2020-05-05,11:35:00,207.02,206.76,210.38,209.93,9527214
146,2020-05-05,11:36:00,207.02,206.76,210.38,209.92,9583349
146,2020-05-05,11:37:00,207.02,206.76,210.38,210.08,9629998
146,2020-05-05,11:38:00,207.02,206.76,210.38,210.06,9672542
146,2020-05-05,11:39:00,207.02,206.76,210.38,209.82,9718003
146,2020-05-05,11:40:00,207.02,206.76,210.38,209.913,9744576
146,2020-05-05,11:41:00,207.02,206.76,210.38,210.07,9789186
146,2020-05-05,11:42:00,207.02,206.76,210.38,210.21,9872088
146,2020-05-05,11:43:00,207.02,206.76,210.38,210.2,9931222
146,2020-05-05,11:44:00,207.02,206.76,210.38,210.14,9977163
146,2020-05-05,11:45:00,207.02,206.76,210.38,210.18,10007686
146,2020-05-05,11:46:00,207.02,206.76,210.38,210.07,10062299
146,2020-05-05,11:47:00,207.02,206.76,210.38,210.07,10118291
146,2020-05-05,11:48:00,207.02,206.76,210.38,209.989,10155706
146,2020-05-05,11:49:00,207.02,206.76,210.38,209.87,10192342
146,2020-05-05,11:50:00,207.02,206.76,210.38,209.93,10213263
146,2020-05-05,11:51:00,207.02,206.76,210.38,209.8,10243304
146,2020-05-05,11:52:00,207.02,206.76,210.38,209.74,10268821
146,2020-05-05,11:53:00,207.02,206.76,210.38,209.699,10284487
146,2020-05-05,11:54:00,207.02,206.76,210.38,209.8,10313687
146,2020-05-05,11:55:00,207.02,206.76,210.38,209.8,10346959
146,2020-05-05,11:56:00,207.02,206.76,210.38,209.88,10361995
146,2020-05-05,11:57:00,207.02,206.76,210.38,209.98,10420568
146,2020-05-05,11:58:00,207.02,206.76,210.38,209.97,10438913
146,2020-05-05,11:59:00,207.02,206.76,210.38,210.068,10543353
146,2020-05-05,12:00:00,207.02,206.76,210.38,210.1,10576381
146,2020-05-05,12:01:00,207.02,206.76,210.38,210.12,10606018
146,2020-05-05,12:02:00,207.02,206.76,210.38,210.12,10644369
146,2020-05-05,12:03:00,207.02,206.76,210.38,210.05,10690294
146,2020-05-05,12:04:00,207.02,206.76,210.38,210.06,10726420
146,2020-05-05,12:05:00,207.02,206.76,210.38,209.77,10756262
146,2020-05-05,12:06:00,207.02,206.76,210.38,209.93,10782438
146,2020-05-05,12:07:00,207.02,206.76,210.38,209.841,10822733
146,2020-05-05,12:08:00,207.02,206.76,210.38,209.8,10864791
146,2020-05-05,12:09:00,207.02,206.76,210.38,209.78,10953286
146,2020-05-05,12:10:00,207.02,206.76,210.38,209.84,10976099
146,2020-05-05,12:11:00,207.02,206.76,210.38,209.85,11015780
146,2020-05-05,12:12:00,207.02,206.76,210.38,209.758,11046817
146,2020-05-05,12:13:00,207.02,206.76,210.38,209.651,11081440
146,2020-05-05,12:14:00,207.02,206.76,210.38,209.445,11144613
146,2020-05-05,12:15:00,207.02,206.76,210.38,209.33,11192291
146,2020-05-05,12:16:00,207.02,206.76,210.38,209.26,11233429
146,2020-05-05,12:17:00,207.02,206.76,210.38,209.373,11283679
146,2020-05-05,12:18:00,207.02,206.76,210.38,209.46,11332242
146,2020-05-05,12:19:00,207.02,206.76,210.38,209.59,11368832
146,2020-05-05,12:20:00,207.02,206.76,210.38,209.62,11412903
146,2020-05-05,12:21:00,207.02,206.76,210.38,209.5,11447252
146,2020-05-05,12:22:00,207.02,206.76,210.38,209.45,11484127
146,2020-05-05,12:23:00,207.02,206.76,210.38,209.3,11526243
146,2020-05-05,12:24:00,207.02,206.76,210.38,209.32,11560480
146,2020-05-05,12:25:00,207.02,206.76,210.38,209.33,11589312
146,2020-05-05,12:26:00,207.02,206.76,210.38,209.48,11632408
146,2020-05-05,12:27:00,207.02,206.76,210.38,209.53,11696077
146,2020-05-05,12:28:00,207.02,206.76,210.38,209.5,11722837
146,2020-05-05,12:29:00,207.02,206.76,210.38,209.67,11780425
146,2020-05-05,12:30:00,207.02,206.76,210.38,209.71,11814358
146,2020-05-05,12:31:00,207.02,206.76,210.38,209.805,11836343
146,2020-05-05,12:32:00,207.02,206.76,210.38,209.89,11872847
146,2020-05-05,12:33:00,207.02,206.76,210.38,209.87,11896990
146,2020-05-05,12:34:00,207.02,206.76,210.38,209.94,11940767
146,2020-05-05,12:35:00,207.02,206.76,210.38,209.86,11989794
146,2020-05-05,12:36:00,207.02,206.76,210.38,209.77,12015593
146,2020-05-05,12:37:00,207.02,206.76,210.38,209.81,12034545
146,2020-05-05,12:38:00,207.02,206.76,210.38,209.78,12067270
146,2020-05-05,12:39:00,207.02,206.76,210.38,209.82,12093591
146,2020-05-05,12:40:00,207.02,206.76,210.38,209.91,12125474
146,2020-05-05,12:41:00,207.02,206.76,210.38,209.95,12164097
146,2020-05-05,12:42:00,207.02,206.76,210.38,209.88,12226428
146,2020-05-05,12:43:00,207.02,206.76,210.38,209.72,12259127
146,2020-05-05,12:44:00,207.02,206.76,210.38,209.38,12296876
146,2020-05-05,12:45:00,207.02,206.76,210.38,209.44,12347985
146,2020-05-05,12:46:00,207.02,206.76,210.38,209.32,12379277
146,2020-05-05,12:47:00,207.02,206.76,210.38,209.38,12405457
146,2020-05-05,12:48:00,207.02,206.76,210.38,209.35,12435878
146,2020-05-05,12:49:00,207.02,206.76,210.38,209.55,12484358
146,2020-05-05,12:50:00,207.02,206.76,210.38,209.52,12517589
146,2020-05-05,12:51:00,207.02,206.76,210.38,209.565,12547826
146,2020-05-05,12:52:00,207.02,206.76,210.38,209.715,12568811
146,2020-05-05,12:53:00,207.02,206.76,210.38,209.57,12593337
146,2020-05-05,12:54:00,207.02,206.76,210.38,209.56,12612115
146,2020-05-05,12:55:00,207.02,206.76,210.38,209.35,12631961
146,2020-05-05,12:56:00,207.02,206.76,210.38,209.375,12660729
146,2020-05-05,12:57:00,207.02,206.76,210.38,209.4,12683961
146,2020-05-05,12:58:00,207.02,206.76,210.38,209.235,12721173
146,2020-05-05,12:59:00,207.02,206.76,210.38,208.986,12785268
146,2020-05-05,13:00:00,207.02,206.76,210.38,209.02,12826900
146,2020-05-05,13:01:00,207.02,206.76,210.38,209.325,12867014
146,2020-05-05,13:02:00,207.02,206.76,210.38,209.33,12898650
146,2020-05-05,13:03:00,207.02,206.76,210.38,209.29,12913733
146,2020-05-05,13:04:00,207.02,206.76,210.38,209.238,12934959
146,2020-05-05,13:05:00,207.02,206.76,210.38,209.2,12976462
146,2020-05-05,13:06:00,207.02,206.76,210.38,209.02,13016066
146,2020-05-05,13:07:00,207.02,206.76,210.38,209.05,13057597
146,2020-05-05,13:08:00,207.02,206.76,210.38,209.01,13099803
146,2020-05-05,13:09:00,207.02,206.76,210.38,208.91,13140588
146,2020-05-05,13:10:00,207.02,206.76,210.38,208.87,13178650
146,2020-05-05,13:11:00,207.02,206.76,210.38,208.87,13207348
146,2020-05-05,13:12:00,207.02,206.76,210.38,208.655,13250581
146,2020-05-05,13:13:00,207.02,206.76,210.38,208.72,13292660
146,2020-05-05,13:14:00,207.02,206.76,210.38,208.93,13335320
146,2020-05-05,13:15:00,207.02,206.76,210.38,208.8,13384228
146,2020-05-05,13:16:00,207.02,206.76,210.38,208.82,13415195
146,2020-05-05,13:17:00,207.02,206.76,210.38,208.83,13462040
146,2020-05-05,13:18:00,207.02,206.76,210.38,208.92,13499623
146,2020-05-05,13:19:00,207.02,206.76,210.38,208.93,13530649
146,2020-05-05,13:20:00,207.02,206.76,210.38,208.95,13561240
146,2020-05-05,13:21:00,207.02,206.76,210.38,208.8,13600788
146,2020-05-05,13:22:00,207.02,206.76,210.38,208.85,13630699
146,2020-05-05,13:23:00,207.02,206.76,210.38,209.03,13675356
146,2020-05-05,13:24:00,207.02,206.76,210.38,208.89,13709017
146,2020-05-05,13:25:00,207.02,206.76,210.38,208.87,13750959
146,2020-05-05,13:26:00,207.02,206.76,210.38,209.03,13782856
146,2020-05-05,13:27:00,207.02,206.76,210.38,209.03,13804315
146,2020-05-05,13:28:00,207.02,206.76,210.38,209.11,13873397
146,2020-05-05,13:29:00,207.02,206.76,210.38,209.25,13998194
146,2020-05-05,13:30:00,207.02,206.76,210.38,209.353,14027195
146,2020-05-05,13:31:00,207.02,206.76,210.38,209.26,14070059
146,2020-05-05,13:32:00,207.02,206.76,210.38,209.36,14101186
146,2020-05-05,13:33:00,207.02,206.76,210.38,209.14,14118796
146,2020-05-05,13:34:00,207.02,206.76,210.38,209.285,14148966
146,2020-05-05,13:35:00,207.02,206.76,210.38,209.33,14167103
146,2020-05-05,13:36:00,207.02,206.76,210.38,209.365,14192160
146,2020-05-05,13:37:00,207.02,206.76,210.38,209.23,14214055
146,2020-05-05,13:38:00,207.02,206.76,210.38,209.16,14235590
146,2020-05-05,13:39:00,207.02,206.76,210.38,209.09,14263702
146,2020-05-05,13:40:00,207.02,206.76,210.38,209.04,14281518
146,2020-05-05,13:41:00,207.02,206.76,210.38,209.125,14302777
146,2020-05-05,13:42:00,207.02,206.76,210.38,209.22,14323902
146,2020-05-05,13:43:00,207.02,206.76,210.38,209.24,14337815
146,2020-05-05,13:44:00,207.02,206.76,210.38,209.24,14359122
146,2020-05-05,13:45:00,207.02,206.76,210.38,209.32,14387223
146,2020-05-05,13:46:00,207.02,206.76,210.38,209.275,14412851
146,2020-05-05,13:47:00,207.02,206.76,210.38,209.376,14438458
146,2020-05-05,13:48:00,207.02,206.76,210.38,209.43,14468601
146,2020-05-05,13:49:00,207.02,206.76,210.38,209.4,14491536
146,2020-05-05,13:50:00,207.02,206.76,210.38,209.501,14531983
146,2020-05-05,13:51:00,207.02,206.76,210.38,209.46,14560470
146,2020-05-05,13:52:00,207.02,206.76,210.38,209.46,14581558
146,2020-05-05,13:53:00,207.02,206.76,210.38,209.43,14614843
146,2020-05-05,13:54:00,207.02,206.76,210.38,209.385,14635277
146,2020-05-05,13:55:00,207.02,206.76,210.38,209.344,14653530
146,2020-05-05,13:56:00,207.02,206.76,210.38,209.3,14673792
146,2020-05-05,13:57:00,207.02,206.76,210.38,209.3,14696903
146,2020-05-05,13:58:00,207.02,206.76,210.38,209.36,14716880
146,2020-05-05,13:59:00,207.02,206.76,210.38,209.265,14741541
146,2020-05-05,14:00:00,207.02,206.76,210.38,209.19,14783844
146,2020-05-05,14:01:00,207.02,206.76,210.38,209.23,14803789
146,2020-05-05,14:02:00,207.02,206.76,210.38,209.27,14840198
146,2020-05-05,14:03:00,207.02,206.76,210.38,209.24,14867901
146,2020-05-05,14:04:00,207.02,206.76,210.38,209.39,14891911
146,2020-05-05,14:05:00,207.02,206.76,210.38,209.36,14918608
146,2020-05-05,14:06:00,207.02,206.76,210.38,209.37,14942884
146,2020-05-05,14:07:00,207.02,206.76,210.38,209.54,14989369
146,2020-05-05,14:08:00,207.02,206.76,210.38,209.52,15011820
146,2020-05-05,14:09:00,207.02,206.76,210.38,209.46,15032787
146,2020-05-05,14:10:00,207.02,206.76,210.38,209.44,15069683
146,2020-05-05,14:11:00,207.02,206.76,210.38,209.297,15103942
146,2020-05-05,14:12:00,207.02,206.76,210.38,209.28,15136457
146,2020-05-05,14:13:00,207.02,206.76,210.38,209.275,15181782
146,2020-05-05,14:14:00,207.02,206.76,210.38,209.362,15212414
146,2020-05-05,14:15:00,207.02,206.76,210.38,209.455,15251556
146,2020-05-05,14:16:00,207.02,206.76,210.38,209.35,15271229
146,2020-05-05,14:17:00,207.02,206.76,210.38,209.34,15289937
146,2020-05-05,14:18:00,207.02,206.76,210.38,209.11,15324079
146,2020-05-05,14:19:00,207.02,206.76,210.38,209.13,15349012
146,2020-05-05,14:20:00,207.02,206.76,210.38,209.16,15371691
146,2020-05-05,14:21:00,207.02,206.76,210.38,209.224,15389704
146,2020-05-05,14:22:00,207.02,206.76,210.38,209.165,15406855
146,2020-05-05,14:23:00,207.02,206.76,210.38,209.19,15427995
146,2020-05-05,14:24:00,207.02,206.76,210.38,209.21,15440076
146,2020-05-05,14:25:00,207.02,206.76,210.38,209.265,15460474
146,2020-05-05,14:26:00,207.02,206.76,210.38,209.24,15490131
146,2020-05-05,14:27:00,207.02,206.76,210.38,209.335,15516550
146,2020-05-05,14:28:00,207.02,206.76,210.38,209.425,15539906
146,2020-05-05,14:29:00,207.02,206.76,210.38,209.425,15561089
146,2020-05-05,14:30:00,207.02,206.76,210.38,209.45,15582685
146,2020-05-05,14:31:00,207.02,206.76,210.38,209.39,15605172
146,2020-05-05,14:32:00,207.02,206.76,210.38,209.38,15627702
146,2020-05-05,14:33:00,207.02,206.76,210.38,209.24,15654157
146,2020-05-05,14:34:00,207.02,206.76,210.38,209.19,15674315
146,2020-05-05,14:35:00,207.02,206.76,210.38,209.11,15710088
146,2020-05-05,14:36:00,207.02,206.76,210.38,209.18,15736090
146,2020-05-05,14:37:00,207.02,206.76,210.38,209.207,15770204
146,2020-05-05,14:38:00,207.02,206.76,210.38,209.31,15801970
146,2020-05-05,14:39:00,207.02,206.76,210.38,209.29,15821440
146,2020-05-05,14:40:00,207.02,206.76,210.38,209.3,15840150
146,2020-05-05,14:41:00,207.02,206.76,210.38,209.322,15880028
146,2020-05-05,14:42:00,207.02,206.76,210.38,209.33,15900176
146,2020-05-05,14:43:00,207.02,206.76,210.38,209.4,15918849
146,2020-05-05,14:44:00,207.02,206.76,210.38,209.366,15938799
146,2020-05-05,14:45:00,207.02,206.76,210.38,209.33,15966827
146,2020-05-05,14:46:00,207.02,206.76,210.38,209.29,16001587
146,2020-05-05,14:47:00,207.02,206.76,210.38,209.3,16026065
146,2020-05-05,14:48:00,207.02,206.76,210.38,209.35,16060395
146,2020-05-05,14:49:00,207.02,206.76,210.38,209.332,16073422
146,2020-05-05,14:50:00,207.02,206.76,210.38,209.38,16085947
146,2020-05-05,14:51:00,207.02,206.76,210.38,209.36,16134584
146,2020-05-05,14:52:00,207.02,206.76,210.38,209.49,16178548
146,2020-05-05,14:53:00,207.02,206.76,210.38,209.56,16199508
146,2020-05-05,14:54:00,207.02,206.76,210.38,209.51,16223696
146,2020-05-05,14:55:00,207.02,206.76,210.38,209.55,16255632
146,2020-05-05,14:56:00,207.02,206.76,210.38,209.659,16284381
146,2020-05-05,14:57:00,207.02,206.76,210.38,209.73,16307429
146,2020-05-05,14:58:00,207.02,206.76,210.38,209.71,16348383
146,2020-05-05,14:59:00,207.02,206.76,210.38,209.735,16377507
146,2020-05-05,15:00:00,207.02,206.76,210.38,209.698,16415934
146,2020-05-05,15:01:00,207.02,206.76,210.38,209.64,16441784
146,2020-05-05,15:02:00,207.02,206.76,210.38,209.625,16460265
146,2020-05-05,15:03:00,207.02,206.76,210.38,209.524,16480551
146,2020-05-05,15:04:00,207.02,206.76,210.38,209.49,16501507
146,2020-05-05,15:05:00,207.02,206.76,210.38,209.514,16521956
146,2020-05-05,15:06:00,207.02,206.76,210.38,209.53,16542262
146,2020-05-05,15:07:00,207.02,206.76,210.38,209.515,16562742
146,2020-05-05,15:08:00,207.02,206.76,210.38,209.47,16598798
146,2020-05-05,15:09:00,207.02,206.76,210.38,209.354,16624959
146,2020-05-05,15:10:00,207.02,206.76,210.38,209.3,16647052
146,2020-05-05,15:11:00,207.02,206.76,210.38,209.32,16668172
146,2020-05-05,15:12:00,207.02,206.76,210.38,209.37,16691383
146,2020-05-05,15:13:00,207.02,206.76,210.38,209.47,16714181
146,2020-05-05,15:14:00,207.02,206.76,210.38,209.365,16744662
146,2020-05-05,15:15:00,207.02,206.76,210.38,209.335,16766760
146,2020-05-05,15:16:00,207.02,206.76,210.38,209.325,16845254
146,2020-05-05,15:17:00,207.02,206.76,210.38,209.09,16891753
146,2020-05-05,15:18:00,207.02,206.76,210.38,208.795,16948473
146,2020-05-05,15:19:00,207.02,206.76,210.38,208.69,16998135
146,2020-05-05,15:20:00,207.02,206.76,210.38,208.63,17047599
146,2020-05-05,15:21:00,207.02,206.76,210.38,208.73,17093720
146,2020-05-05,15:22:00,207.02,206.76,210.38,208.401,17157903
146,2020-05-05,15:23:00,207.02,206.76,210.38,208.71,17212593
146,2020-05-05,15:24:00,207.02,206.76,210.38,208.63,17261825
146,2020-05-05,15:25:00,207.02,206.76,210.38,208.595,17306039
146,2020-05-05,15:26:00,207.02,206.76,210.38,208.86,17361137
146,2020-05-05,15:27:00,207.02,206.76,210.38,208.8,17392466
146,2020-05-05,15:28:00,207.02,206.76,210.38,208.43,17440539
146,2020-05-05,15:29:00,207.02,206.76,210.38,208,17544146
146,2020-05-05,15:30:00,207.02,206.76,210.38,207.94,17594675
146,2020-05-05,15:31:00,207.02,206.76,210.38,208,17663128
146,2020-05-05,15:32:00,207.02,206.76,210.38,208.18,17716095
146,2020-05-05,15:33:00,207.02,206.76,210.38,207.95,17751735
146,2020-05-05,15:34:00,207.02,206.76,210.38,207.75,17803214
146,2020-05-05,15:35:00,207.02,206.76,210.38,207.542,17885097
146,2020-05-05,15:36:00,207.02,206.76,210.38,207.1,17973358
146,2020-05-05,15:37:00,207.02,206.76,210.38,207.26,18063593
146,2020-05-05,15:38:00,207.02,206.58,210.38,206.66,18179639
146,2020-05-05,15:39:00,207.02,206.58,210.38,206.818,18239009
146,2020-05-05,15:40:00,207.02,206.58,210.38,206.93,18300850
146,2020-05-05,15:41:00,207.02,206.58,210.38,206.982,18363414
146,2020-05-05,15:42:00,207.02,206.58,210.38,206.84,18418946
146,2020-05-05,15:43:00,207.02,206.5,210.38,206.6,18459664
146,2020-05-05,15:44:00,207.02,206.5,210.38,207.07,18528120
146,2020-05-05,15:45:00,207.02,206.5,210.38,207.41,18590354
146,2020-05-05,15:46:00,207.02,206.5,210.38,207.41,18631566
146,2020-05-05,15:47:00,207.02,206.5,210.38,206.96,18703721
146,2020-05-05,15:48:00,207.02,206.5,210.38,207.43,18761129
146,2020-05-05,15:49:00,207.02,206.5,210.38,207.39,18829568
146,2020-05-05,15:50:00,207.02,206.5,210.38,207.62,18893813
146,2020-05-05,15:51:00,207.02,206.5,210.38,207.66,18981324
146,2020-05-05,15:52:00,207.02,206.5,210.38,207.75,19034874
146,2020-05-05,15:53:00,207.02,206.5,210.38,207.78,19096466
146,2020-05-05,15:54:00,207.02,206.5,210.38,208.02,19187475
146,2020-05-05,15:55:00,207.02,206.5,210.38,208.04,19267130
146,2020-05-05,15:56:00,207.02,206.5,210.38,207.62,19379872
146,2020-05-05,15:57:00,207.02,206.5,210.38,207.31,19480366
146,2020-05-05,15:58:00,207.02,206.5,210.38,207.19,19590492
146,2020-05-05,15:59:00,207.02,206.5,210.38,207.1,19720171
146,2020-05-06,10:00:00,208.12,206.7,210.34,209.64,2903473
146,2020-05-06,10:01:00,208.12,206.7,210.34,209.66,2969941
146,2020-05-06,10:02:00,208.12,206.7,210.34,209.84,3024221
146,2020-05-06,10:03:00,208.12,206.7,210.34,209.695,3064941
146,2020-05-06,10:04:00,208.12,206.7,210.34,209.21,3119019
146,2020-05-06,10:05:00,208.12,206.7,210.34,208.91,3190310
146,2020-05-06,10:06:00,208.12,206.7,210.34,208.885,3281233
146,2020-05-06,10:07:00,208.12,206.7,210.34,209.035,3332884
146,2020-05-06,10:08:00,208.12,206.7,210.34,209.045,3374843
146,2020-05-06,10:09:00,208.12,206.7,210.34,208.29,3484581
146,2020-05-06,10:10:00,208.12,206.7,210.34,207.97,3593676
146,2020-05-06,10:11:00,208.12,206.7,210.34,208.04,3668613
146,2020-05-06,10:12:00,208.12,206.7,210.34,207.86,3773414
146,2020-05-06,10:13:00,208.12,206.7,210.34,207.95,3842395
146,2020-05-06,10:14:00,208.12,206.7,210.34,207.9,3903023
146,2020-05-06,10:15:00,208.12,206.7,210.34,207.84,3946765
146,2020-05-06,10:16:00,208.12,206.7,210.34,207.5,4039409
146,2020-05-06,10:17:00,208.12,206.7,210.34,207.75,4124949
146,2020-05-06,10:18:00,208.12,206.7,210.34,208.22,4229803
146,2020-05-06,10:19:00,208.12,206.7,210.34,207.91,4292287
146,2020-05-06,10:20:00,208.12,206.7,210.34,207.72,4344261
146,2020-05-06,10:21:00,208.12,206.7,210.34,207.93,4373224
146,2020-05-06,10:22:00,208.12,206.7,210.34,208.44,4439621
146,2020-05-06,10:23:00,208.12,206.7,210.34,208.473,4482092
146,2020-05-06,10:24:00,208.12,206.7,210.34,208.705,4543185
146,2020-05-06,10:25:00,208.12,206.7,210.34,209.03,4596069
146,2020-05-06,10:26:00,208.12,206.7,210.34,209.18,4668436
146,2020-05-06,10:27:00,208.12,206.7,210.34,209.42,4703260
146,2020-05-06,10:28:00,208.12,206.7,210.34,209.539,4756816
146,2020-05-06,10:29:00,208.12,206.7,210.34,209.51,4793341
146,2020-05-06,10:30:00,208.12,206.7,210.34,209.44,4859575
146,2020-05-06,10:31:00,208.12,206.7,210.34,209.415,4911839
146,2020-05-06,10:32:00,208.12,206.7,210.34,209.79,4976372
146,2020-05-06,10:33:00,208.12,206.7,210.34,209.71,5016644
146,2020-05-06,10:34:00,208.12,206.7,210.34,209.75,5053380
146,2020-05-06,10:35:00,208.12,206.7,210.34,209.816,5098130
146,2020-05-06,10:36:00,208.12,206.7,210.34,209.904,5143378
146,2020-05-06,10:37:00,208.12,206.7,210.34,209.82,5179406
146,2020-05-06,10:38:00,208.12,206.7,210.34,209.77,5216675
146,2020-05-06,10:39:00,208.12,206.7,210.34,209.68,5250788
146,2020-05-06,10:40:00,208.12,206.7,210.34,209.82,5287406
146,2020-05-06,10:41:00,208.12,206.7,210.34,209.65,5332841
146,2020-05-06,10:42:00,208.12,206.7,210.34,209.895,5394783
146,2020-05-06,10:43:00,208.12,206.7,210.34,209.94,5427878
146,2020-05-06,10:44:00,208.12,206.7,210.34,209.89,5490929
146,2020-05-06,10:45:00,208.12,206.7,210.34,210.092,5569189
146,2020-05-06,10:46:00,208.12,206.7,210.5,210.44,5661768
146,2020-05-06,10:47:00,208.12,206.7,210.5,210.45,5733661
146,2020-05-06,10:48:00,208.12,206.7,210.5,210.42,5766284
146,2020-05-06,10:49:00,208.12,206.7,210.5,210.29,5814713
146,2020-05-06,10:50:00,208.12,206.7,210.5,210.21,5868517
146,2020-05-06,10:51:00,208.12,206.7,210.5,210.386,5916346
146,2020-05-06,10:52:00,208.12,206.7,210.5,210.447,5955601
146,2020-05-06,10:53:00,208.12,206.7,210.5,210.094,6001917
146,2020-05-06,10:54:00,208.12,206.7,210.5,209.93,6058722
146,2020-05-06,10:55:00,208.12,206.7,210.5,209.94,6093988
146,2020-05-06,10:56:00,208.12,206.7,210.5,210.21,6121614
146,2020-05-06,10:57:00,208.12,206.7,210.5,210.19,6150406
146,2020-05-06,10:58:00,208.12,206.7,210.5,209.82,6177233
146,2020-05-06,10:59:00,208.12,206.7,210.5,209.91,6230197
146,2020-05-06,11:00:00,208.12,206.7,210.5,209.9,6252279
146,2020-05-06,11:01:00,208.12,206.7,210.5,210.05,6254042
146,2020-05-06,11:02:00,208.12,206.7,210.5,210.17,6306284
146,2020-05-06,11:03:00,208.12,206.7,210.5,210.143,6365754
146,2020-05-06,11:04:00,208.12,206.7,210.5,210.2,6385485
146,2020-05-06,11:05:00,208.12,206.7,210.5,210.17,6404716
146,2020-05-06,11:06:00,208.12,206.7,210.5,209.96,6443886
146,2020-05-06,11:07:00,208.12,206.7,210.5,209.82,6490961
146,2020-05-06,11:08:00,208.12,206.7,210.5,209.9,6521244
146,2020-05-06,11:09:00,208.12,206.7,210.5,210.035,6554961
146,2020-05-06,11:10:00,208.12,206.7,210.5,210.09,6585959
146,2020-05-06,11:11:00,208.12,206.7,210.5,210.23,6631564
146,2020-05-06,11:12:00,208.12,206.7,210.5,210.13,6684123
146,2020-05-06,11:13:00,208.12,206.7,210.5,210.09,6740884
146,2020-05-06,11:14:00,208.12,206.7,210.5,210.163,6776176
146,2020-05-06,11:15:00,208.12,206.7,210.5,209.93,6804222
146,2020-05-06,11:16:00,208.12,206.7,210.5,210,6839801
146,2020-05-06,11:17:00,208.12,206.7,210.5,209.679,6890887
146,2020-05-06,11:18:00,208.12,206.7,210.5,209.69,6914598
146,2020-05-06,11:19:00,208.12,206.7,210.5,209.65,6949146
146,2020-05-06,11:20:00,208.12,206.7,210.5,209.6,6993762
146,2020-05-06,11:21:00,208.12,206.7,210.5,209.63,7044454
146,2020-05-06,11:22:00,208.12,206.7,210.5,209.486,7085014
146,2020-05-06,11:23:00,208.12,206.7,210.5,209.695,7122603
146,2020-05-06,11:24:00,208.12,206.7,210.5,209.97,7172946
146,2020-05-06,11:25:00,208.12,206.7,210.5,209.81,7188078
146,2020-05-06,11:26:00,208.12,206.7,210.5,209.877,7188078
146,2020-05-06,11:27:00,208.12,206.7,210.5,209.84,7315018
146,2020-05-06,11:28:00,208.12,206.7,210.5,209.97,7353857
146,2020-05-06,11:29:00,208.12,206.7,210.5,210.11,7385640
146,2020-05-06,11:30:00,208.12,206.7,210.5,210.1,7411981
146,2020-05-06,11:31:00,208.12,206.7,210.5,210.255,7480026
146,2020-05-06,11:32:00,208.12,206.7,210.5,210.29,7547201
146,2020-05-06,11:33:00,208.12,206.7,210.5,210.12,7588578
146,2020-05-06,11:34:00,208.12,206.7,210.5,210.26,7626512
146,2020-05-06,11:35:00,208.12,206.7,210.5,210.17,7667963
146,2020-05-06,11:36:00,208.12,206.7,210.5,210.07,7699932
146,2020-05-06,11:37:00,208.12,206.7,210.5,210.18,7722545
146,2020-05-06,11:38:00,208.12,206.7,210.5,210.44,7775926
146,2020-05-06,11:39:00,208.12,206.7,210.75,210.73,7868025
146,2020-05-06,11:40:00,208.12,206.7,210.9,210.916,7937034
146,2020-05-06,11:41:00,208.12,206.7,210.98,210.73,8000243
146,2020-05-06,11:42:00,208.12,206.7,210.98,210.67,8036670
146,2020-05-06,11:43:00,208.12,206.7,210.98,210.6,8057466
146,2020-05-06,11:44:00,208.12,206.7,210.98,210.42,8081260
146,2020-05-06,11:45:00,208.12,206.7,210.98,210.28,8122086
146,2020-05-06,11:46:00,208.12,206.7,210.98,210.45,8161192
146,2020-05-06,11:47:00,208.12,206.7,210.98,210.33,8203879
146,2020-05-06,11:48:00,208.12,206.7,210.98,210.32,8233076
146,2020-05-06,11:49:00,208.12,206.7,210.98,210.19,8245078
146,2020-05-06,11:50:00,208.12,206.7,210.98,209.815,8294464
146,2020-05-06,11:51:00,208.12,206.7,210.98,209.529,8349084
146,2020-05-06,11:52:00,208.12,206.7,210.98,209.645,8383844
146,2020-05-06,11:53:00,208.12,206.7,210.98,209.795,8436416
146,2020-05-06,11:54:00,208.12,206.7,210.98,209.74,8458892
146,2020-05-06,11:55:00,208.12,206.7,210.98,209.77,8486679
146,2020-05-06,11:56:00,208.12,206.7,210.98,209.89,8488734
146,2020-05-06,11:57:00,208.12,206.7,210.98,209.96,8556532
146,2020-05-06,11:58:00,208.12,206.7,210.98,209.88,8589776
146,2020-05-06,11:59:00,208.12,206.7,210.98,209.91,8638014
146,2020-05-06,12:00:00,208.12,206.7,210.98,209.89,8656705
146,2020-05-06,12:01:00,208.12,206.7,210.98,210.11,8686905
146,2020-05-06,12:02:00,208.12,206.7,210.98,210.03,8717372
146,2020-05-06,12:03:00,208.12,206.7,210.98,209.98,8734012
146,2020-05-06,12:04:00,208.12,206.7,210.98,210.13,8754128
146,2020-05-06,12:05:00,208.12,206.7,210.98,210.33,8782677
146,2020-05-06,12:06:00,208.12,206.7,210.98,210.28,8824455
146,2020-05-06,12:07:00,208.12,206.7,210.98,210.29,8839521
146,2020-05-06,12:08:00,208.12,206.7,210.98,210.09,8870247
146,2020-05-06,12:09:00,208.12,206.7,210.98,210.354,8903980
146,2020-05-06,12:10:00,208.12,206.7,210.98,210.19,8937278
146,2020-05-06,12:11:00,208.12,206.7,210.98,210.12,8955678
146,2020-05-06,12:12:00,208.12,206.7,210.98,210.25,8976446
146,2020-05-06,12:13:00,208.12,206.7,210.98,210.12,9006044
146,2020-05-06,12:14:00,208.12,206.7,210.98,210.32,9025358
146,2020-05-06,12:15:00,208.12,206.7,210.98,210.65,9083856
146,2020-05-06,12:16:00,208.12,206.7,210.98,210.77,9139478
146,2020-05-06,12:17:00,208.12,206.7,210.98,210.796,9179824
146,2020-05-06,12:18:00,208.12,206.7,210.99,210.97,9233209
146,2020-05-06,12:19:00,208.12,206.7,211,210.86,9307737
146,2020-05-06,12:20:00,208.12,206.7,211,210.89,9351457
146,2020-05-06,12:21:00,208.12,206.7,211,210.7,9397247
146,2020-05-06,12:22:00,208.12,206.7,211,210.77,9432376
146,2020-05-06,12:23:00,208.12,206.7,211,210.83,9468383
146,2020-05-06,12:24:00,208.12,206.7,211,210.77,9495894
146,2020-05-06,12:25:00,208.12,206.7,211,210.756,9538008
146,2020-05-06,12:26:00,208.12,206.7,211,210.465,9569716
146,2020-05-06,12:27:00,208.12,206.7,211,210.67,9605425
146,2020-05-06,12:28:00,208.12,206.7,211,210.605,9643357
146,2020-05-06,12:29:00,208.12,206.7,211,210.653,9668879
146,2020-05-06,12:30:00,208.12,206.7,211,210.59,9698410
146,2020-05-06,12:31:00,208.12,206.7,211,210.589,9719771
146,2020-05-06,12:32:00,208.12,206.7,211,210.63,9747899
146,2020-05-06,12:33:00,208.12,206.7,211,210.795,9776253
146,2020-05-06,12:34:00,208.12,206.7,211,210.78,9804085
146,2020-05-06,12:35:00,208.12,206.7,211,210.84,9841193
146,2020-05-06,12:36:00,208.12,206.7,211,210.83,9867573
146,2020-05-06,12:37:00,208.12,206.7,211,210.77,9892535
146,2020-05-06,12:38:00,208.12,206.7,211,210.68,9915864
146,2020-05-06,12:39:00,208.12,206.7,211,210.89,9943252
146,2020-05-06,12:40:00,208.12,206.7,211,210.8,9967151
146,2020-05-06,12:41:00,208.12,206.7,211,210.696,9989521
146,2020-05-06,12:42:00,208.12,206.7,211,210.69,10007973
146,2020-05-06,12:43:00,208.12,206.7,211,210.71,10023491
146,2020-05-06,12:44:00,208.12,206.7,211,210.59,10040753
146,2020-05-06,12:45:00,208.12,206.7,211,210.565,10061277
146,2020-05-06,12:46:00,208.12,206.7,211,210.638,10075047
146,2020-05-06,12:47:00,208.12,206.7,211,210.61,10098507
146,2020-05-06,12:48:00,208.12,206.7,211,210.82,10116587
146,2020-05-06,12:49:00,208.12,206.7,211,210.898,10132245
146,2020-05-06,12:50:00,208.12,206.7,211,210.865,10154726
146,2020-05-06,12:51:00,208.12,206.7,211,210.96,10193916
146,2020-05-06,12:52:00,208.12,206.7,211,210.99,10214991
146,2020-05-06,12:53:00,208.12,206.7,211,210.91,10230806
146,2020-05-06,12:54:00,208.12,206.7,211,210.887,10238772
146,2020-05-06,12:55:00,208.12,206.7,211,210.84,10259013
146,2020-05-06,12:56:00,208.12,206.7,211,210.945,10290623
146,2020-05-06,12:57:00,208.12,206.7,211,211.05,10328821
146,2020-05-06,12:58:00,208.12,206.7,211.2,210.907,10421108
146,2020-05-06,12:59:00,208.12,206.7,211.2,210.505,10473507
146,2020-05-06,13:00:00,208.12,206.7,211.2,210.5,10504373
146,2020-05-06,13:01:00,208.12,206.7,211.2,210.52,10524848
146,2020-05-06,13:02:00,208.12,206.7,211.2,210.587,10543862
146,2020-05-06,13:03:00,208.12,206.7,211.2,210.41,10562073
146,2020-05-06,13:04:00,208.12,206.7,211.2,210.2,10592095
146,2020-05-06,13:05:00,208.12,206.7,211.2,210.316,10616010
146,2020-05-06,13:06:00,208.12,206.7,211.2,210.34,10640373
146,2020-05-06,13:07:00,208.12,206.7,211.2,210.42,10661971
146,2020-05-06,13:08:00,208.12,206.7,211.2,210.49,10691069
146,2020-05-06,13:09:00,208.12,206.7,211.2,210.43,10707072
146,2020-05-06,13:10:00,208.12,206.7,211.2,210.31,10725661
146,2020-05-06,13:11:00,208.12,206.7,211.2,210.38,10745787
146,2020-05-06,13:12:00,208.12,206.7,211.2,210.4,10769723
146,2020-05-06,13:13:00,208.12,206.7,211.2,210.59,10790340
146,2020-05-06,13:14:00,208.12,206.7,211.2,210.73,10814649
146,2020-05-06,13:15:00,208.12,206.7,211.2,210.83,10835493
146,2020-05-06,13:16:00,208.12,206.7,211.2,210.828,10864935
146,2020-05-06,13:17:00,208.12,206.7,211.2,210.75,10901301
146,2020-05-06,13:18:00,208.12,206.7,211.2,210.82,10919233
146,2020-05-06,13:19:00,208.12,206.7,211.2,211.145,10984192
146,2020-05-06,13:20:00,208.12,206.7,211.37,211.363,11037666
146,2020-05-06,13:21:00,208.12,206.7,211.42,211.25,11086403
146,2020-05-06,13:22:00,208.12,206.7,211.42,211.19,11119300
146,2020-05-06,13:23:00,208.12,206.7,211.42,210.66,11174937
146,2020-05-06,13:24:00,208.12,206.7,211.42,210.53,11218724
146,2020-05-06,13:25:00,208.12,206.7,211.42,210.755,11256460
146,2020-05-06,13:26:00,208.12,206.7,211.42,210.785,11275455
146,2020-05-06,13:27:00,208.12,206.7,211.42,210.7,11298626
146,2020-05-06,13:28:00,208.12,206.7,211.42,210.65,11351435
146,2020-05-06,13:29:00,208.12,206.7,211.42,210.83,11393266
146,2020-05-06,13:30:00,208.12,206.7,211.42,210.89,11434374
146,2020-05-06,13:31:00,208.12,206.7,211.42,210.79,11468851
146,2020-05-06,13:32:00,208.12,206.7,211.42,211.03,11503274
146,2020-05-06,13:33:00,208.12,206.7,211.42,210.715,11561443
146,2020-05-06,13:34:00,208.12,206.7,211.42,210.71,11590515
146,2020-05-06,13:35:00,208.12,206.7,211.42,210.725,11621674
146,2020-05-06,13:36:00,208.12,206.7,211.42,210.68,11675837
146,2020-05-06,13:37:00,208.12,206.7,211.42,210.72,11701512
146,2020-05-06,13:38:00,208.12,206.7,211.42,210.795,11759413
146,2020-05-06,13:39:00,208.12,206.7,211.42,210.78,11820121
146,2020-05-06,13:40:00,208.12,206.7,211.42,210.85,11885137
146,2020-05-06,13:41:00,208.12,206.7,211.42,210.77,11948138
146,2020-05-06,13:42:00,208.12,206.7,211.42,210.92,11973877
146,2020-05-06,13:43:00,208.12,206.7,211.42,211.051,12009673
146,2020-05-06,13:44:00,208.12,206.7,211.42,211.19,12071127
146,2020-05-06,13:45:00,208.12,206.7,211.42,211.28,12126366
146,2020-05-06,13:46:00,208.12,206.7,211.49,211.445,12186137
146,2020-05-06,13:47:00,208.12,206.7,211.5,211.22,12245131
146,2020-05-06,13:48:00,208.12,206.7,211.5,211.24,12279434
146,2020-05-06,13:49:00,208.12,206.7,211.5,211.41,12313118
146,2020-05-06,13:50:00,208.12,206.7,211.5,211.3,12351549
146,2020-05-06,13:51:00,208.12,206.7,211.5,211.369,12393328
146,2020-05-06,13:52:00,208.12,206.7,211.5,211.465,12429048
146,2020-05-06,13:53:00,208.12,206.7,211.5,211.49,12484333
146,2020-05-06,13:54:00,208.12,206.7,211.6,211.505,12530065
146,2020-05-06,13:55:00,208.12,206.7,211.6,211.36,12583266
146,2020-05-06,13:56:00,208.12,206.7,211.6,211.1,12619619
146,2020-05-06,13:57:00,208.12,206.7,211.6,211.14,12651679
146,2020-05-06,13:58:00,208.12,206.7,211.6,211.005,12691872
146,2020-05-06,13:59:00,208.12,206.7,211.6,210.85,12721835
146,2020-05-06,14:00:00,208.12,206.7,211.6,210.776,12752934
146,2020-05-06,14:01:00,208.12,206.7,211.6,210.58,12809659
146,2020-05-06,14:02:00,208.12,206.7,211.6,210.585,12851588
146,2020-05-06,14:03:00,208.12,206.7,211.6,210.42,12894625
146,2020-05-06,14:04:00,208.12,206.7,211.6,210.57,12937061
146,2020-05-06,14:05:00,208.12,206.7,211.6,210.42,12977424
146,2020-05-06,14:06:00,208.12,206.7,211.6,210.45,13009843
146,2020-05-06,14:07:00,208.12,206.7,211.6,210.47,13037975
146,2020-05-06,14:08:00,208.12,206.7,211.6,210.48,13061816
146,2020-05-06,14:09:00,208.12,206.7,211.6,210.425,13106211
146,2020-05-06,14:10:00,208.12,206.7,211.6,210.49,13144824
146,2020-05-06,14:11:00,208.12,206.7,211.6,210.24,13183980
